4622	NY	5128581	1
4622	New York	5128581	0
4622	Dubai	292223	0
4622	Pakistan	1168579	0
4622	Connecticut	4831725	0
4622	Manhattan	5125771	0
74753	Sittard-Geleen	6544255	0
74753	Kampen	2753104	0
74753	Raalte	2748370	0
74753	Hardenberg	2754858	0
74753	Ouder-Amstel	2749027	0
144824	Nijmegen	2750053	0
144824	Nijmegen	2750052	0
144824	Cuijk	2757874	0
236009	VS	6252001	1
236009	New York	5128581	1
236009	Verenigde Staten	6252001	0
236009	New York	5128638	0
236009	Massachusetts	6254926	0
236009	Long Island	3572005	0
236009	New York	5128638	0
236009	Massachusetts	6254926	0
236009	Florida	4155751	0
236009	Florida	4155751	0
236009	New York	5128638	0
236009	New Jersey	5101760	0
159044	Rusland	2017370	0
129800	Goirle	2755463	0
160630	Amsterdam	2759794	0
160630	Curaçao	7626836	0
160630	Venezuela	3625428	0
160630	Zwolle	2743477	0
160630	Venezuela	3625428	0
160630	Venezuela	3625428	0
160630	Curaçao	7626836	0
160630	Nederland	2750405	0
160630	Venezuela	3625428	0
160630	Amsterdam-Oost	11525051	0
160630	Curaçao	7626836	0
160630	Curaçao	7626836	0
160630	Zwolle	2743477	0
160630	Curaçao	7626836	0
160630	Colombia	3686110	0
160630	Venezuela	3625428	0
160630	Curaçao	7626836	0
71223	Den Bosch	2747351	0
210875	Suriname	3382998	1
210875	Suriname	3382998	0
210875	Suriname	3382998	0
210875	Brazilië	3469034	0
210875	Suriname	3382998	0
210875	Suriname	3382998	0
210875	Frans-Guyana	3381670	0
210875	Paramaribo	3383330	0
210875	Paramaribo	3383330	0
210875	Suriname	3382998	0
210875	Suriname	3382998	0
20802	Nederland	2750405	0
20802	Amsterdam	2759794	0
20802	Nederland	2750405	0
20802	Amsterdam	2759794	0
71471	Nederland	2750405	0
71471	Harderwijk	2754848	0
188066	EU	6695072	1
188066	Europese Unie	6695072	0
188066	EU	6695072	0
144955	Israël	294640	1
144955	Guinee	2420477	1
144955	Israël	294640	0
144955	Guinee	2420477	0
144955	Guinee	2420477	0
144955	Guinee	2420477	0
144955	VS	6252001	0
144955	Zwitserland	2658434	0
144955	Guinee	2420477	0
144955	Zwitserland	2658434	0
144955	Genève	2660646	0
144955	Nederland	2750405	0
144955	Liechtenstein	3042058	0
55137	Bremen	2944388	0
55137	Bremen	2944388	0
88243	Maleisië	1733045	1
88243	Maleisië	1733045	0
88243	Nederland	2750405	0
88243	Schiphol	6296680	0
88243	Kuala Lumpur	1735161	0
88243	Maleisië	1733045	0
88243	Oekraïne	690791	0
88243	Maleisië	1733045	0
128388	Rusland	2017370	1
128388	Turkije	298795	0
128388	Turkije	298795	0
128388	Turkije	298795	0
128388	Ankara	323786	0
128388	Moskou	524901	0
128388	Turkije	298795	0
128388	Turkije	298795	0
128388	Rusland	2017370	0
128388	Turkije	298795	0
128388	Turkije	298795	0
231432	Azië	6255147	0
231432	Polen	798544	0
245411	Oekraïne	690791	0
245411	Denemarken	2623032	0
245411	Oostzee	2633321	0
245411	Bornholm	2623664	0
245411	Rusland	2017370	0
245411	Oostzee	2633321	0
245411	Oekraïne	690791	0
245411	NAVO	6695079	0
245411	Denemarken	2623032	0
245411	Denemarken	2623032	0
129588	Eindhoven	2756253	0
129588	Oss	2749234	0
129588	Eindhoven	2756253	0
35204	Brussel	2800866	0
35204	Brussel	2800866	0
35204	Nederland	2750405	0
35204	Zeeland	2744011	0
108961	Brussel	2800866	1
108961	Brussel	2800866	0
108961	Athene	264371	0
108961	Brussel	2800866	0
108961	Griekenland	390903	0
108961	Brussel	2800866	0
108961	Athene	264371	0
13123	Wit-Rusland	630336	1
13123	Wit-Rusland	630336	0
13123	Wit-Rusland	630336	0
13123	Europa	6255148	0
13123	Sovjet-Unie	8354411	0
13123	Wit-Rusland	630336	0
13123	Minsk	625144	0
13123	Minsk	625144	0
181562	Den Bosch	2747351	0
181562	Amsterdam	2759794	0
181562	Arnhem	2759661	0
77362	Tempelberg	11258705	1
77362	Jeruzalem	281184	1
77362	Tempelberg	11258705	0
77362	Jeruzalem	281184	0
77362	Israël	294640	0
77362	Tempelberg	11258705	0
77362	Tempelberg	11258705	0
153688	Brunssum	2758174	0
153688	Nederland	2750405	0
153688	Midden-Oosten	6269133	0
153688	Dubai	292223	0
153688	Nederland	2750405	0
153688	Nederland	2750405	0
153688	Nederland	2750405	0
153688	Syrië	163843	0
153688	Brunssum	2750405	0
153688	Midden-Oosten	6269133	0
219970	Europese Unie	6695072	0
219970	EU	6695072	0
219970	Verenigde Staten	6252001	0
219970	EU	6695072	0
219970	Europa	6255148	0
219970	EU	6695072	0
219970	Nederland	2750405	0
219970	Marburg	2873759	0
219970	Frankfurt	2925533	0
247271	Enschede	2756071	1
247271	Enschede	2756071	0
77098	Italië	3175395	0
77098	Italië	3175395	0
40349	Kiev	703448	1
40349	Kiev	703448	0
40349	Oekraïne	690791	0
40349	Kiev	703448	0
40349	Moskou	524901	0
40349	Oekraïne	690791	0
40349	Oekraïne	690791	0
40349	Polen	798544	0
49428	Nederland	2750405	0
10671	Nederland	2750405	0
15299	Egypte	357994	1
15299	Egypte	357994	0
15299	Tahrirplein	6955473	0
15299	Caïro	360630	0
15299	Egypte	357994	0
15299	Egypte	357994	0
68404	Lampedusa	2524458	1
68404	Lampedusa	2524458	0
68404	Lampedusa	2524458	0
68404	Tunesië	2464461	0
68404	Lampedusa	2524458	0
68404	Rome	3169070	0
68404	Lampedusa	2524458	0
68404	Afrika	6255146	0
68404	Syrië	163843	0
68404	Syrië	163843	0
68404	Lampedusa	2524458	0
68404	Somalië	51537	0
68404	Eritrea	338010	0
68404	Syrië	163843	0
68404	Lampedusa	2524458	0
68404	Sicilië	2523118	0
204007	Tynaarlo	2746038	1
204007	Tynaarlo	2746038	0
204007	Utrecht	2745912	0
204007	Noord-Willemskanaal	2749808	0
204007	Utrecht	2745912	0
50215	Austin	4671654	0
50215	VS	6252001	0
50215	Newtown	5280935	0
50215	VS	6252001	0
182562	Duisburg	2934691	0
182562	Karlsruhe	2892794	0
182562	Turkije	298795	0
125903	België	2802361	1
125903	Ninove	2790114	0
156900	Bunschoten	2758104	0
156900	Bunschoten	2758104	0
208324	Lelystad	2751738	1
208324	Lelystad	2751738	0
208324	Lelystad	2751738	0
208324	Almere	2759879	0
208324	Swifterbant	2746540	0
233658	Nederland	2750405	0
139104	Uruguay	3439705	1
139104	Haarlem	2755003	1
139104	Uruguay	3439705	0
139104	Haarlem	2755003	0
139104	Uruguay	3439705	0
139104	Montevideo	3441575	0
139104	Nederland	2750405	0
139104	Nederland	2750405	0
139104	Haarlem	2755003	0
139104	Haarlem	2755003	0
139104	Hilversum	2754063	0
64974	Egypte	357994	1
64974	VS	360630	0
227454	Bushehr	139817	1
227454	Bushehr	139817	0
227454	Teheran	112931	0
227454	Iran	130758	0
227454	Iran	130758	0
227454	Iran	130758	0
227454	Iran	130758	0
227454	Iran	130758	0
227454	Israël	294640	0
227454	Israël	294640	0
227454	Natanz	122491	0
227454	Bushehr	139817	0
227454	Iran	130758	0
227454	Bushehr	139817	0
227454	Rusland	2017370	0
227454	Iran	130758	0
227454	Iran	130758	0
227454	Iran	130758	0
227454	Iran	130758	0
227454	Iran	130758	0
227454	Verenigde Staten	360630	0
227454	Iran	130758	0
227454	Verenigde Staten	360630	0
227454	Iran	130758	0
227454	Wenen	2761369	0
203232	Nederland	2750405	0
1696	Parijs	2988507	1
1696	Amsterdam	2759794	0
1696	Parijs	2988507	0
1696	Halle	2796696	0
1696	Amsterdam	2759794	0
1696	Brussel	2800866	0
1696	Halle	2796696	0
183130	Krim	703884	1
183130	Krim	703884	0
183130	Rusland	2017370	0
183130	Krim	703884	0
183130	Kertsj	706524	0
183130	Rusland	2017370	0
183130	Kertsj	706524	0
202453	Chili	3895114	0
117978	Duitsland	2921044	1
117978	Mali	2453866	1
117978	Duitsland	2921044	0
117978	Mali	2453866	0
117978	Parijs	2988507	0
117978	Mali	2453866	0
117978	Mali	2453866	0
117978	Irak	99237	0
117978	Frankrijk	3017382	0
117978	Mali	2453866	0
117978	Mali	2453866	0
117978	Bamako	2460596	0
212946	Libië	2215636	0
212946	Tripoli	2210247	0
212946	Tripoli	2210247	0
212946	Tripoli	2210247	0
39196	Poros	254865	0
39196	Griekenland	390903	0
39196	Griekenland	390903	0
39196	Poros	254865	0
39196	Athene	264371	0
39196	Poros	254865	0
39196	Poros	254865	0
39196	Poros	254865	0
39196	België	2802361	0
39196	Griekenland	390903	0
39196	Griekenland	390903	0
39196	Griekenland	390903	0
39196	Griekenland	390903	0
222277	Denver	5419396	1
222277	Colorado	5417618	0
222277	Broomfield	5415035	0
222277	Denver	5419384	0
222277	Hawaï	5855797	0
222277	Denver	5419384	0
222277	Nederland	2750405	0
222277	Maastricht Aachen Airport	6296681	0
222277	Meerssen	2751037	0
222277	Meerssen	2751037	0
205036	Iran	130758	1
205036	Amsterdam	2759794	0
205036	Iran	130758	0
205036	Iran	130758	0
205036	Teheran	112931	0
205036	Iran	130758	0
205036	VS	6252001	0
71197	Libië	2215636	1
71197	Tripoli	2210247	0
71197	Libië	2215636	0
71197	Tripoli	2210247	0
71197	Libië	2215636	0
183497	Jordanië	248816	1
183497	Jordanië	248816	0
183497	Dode Zee	295347	0
183497	Dode Zee	295347	0
111049	China	1814991	0
111049	Tianjin	1792947	0
111049	Tianjin	1792947	0
111049	Tianjin	1792947	0
172036	Rotterdam	2747891	0
185906	Universiteit van Amsterdam	6944498	0
190899	Italië	3175395	1
190899	China	1814991	1
190899	Brussel	2800866	1
190899	Rome	3169070	0
190899	Italië	3175395	0
190899	Europa	6255148	0
190899	Washington	4140963	0
190899	Brussel	2800866	0
190899	Rome	3169070	0
190899	China	1814991	0
190899	Genua	3176219	0
190899	Triëst	3165185	0
190899	Rome	3169070	0
190899	Verenigde Staten	6252001	0
190899	EU	6695072	0
190899	Italië	3175395	0
190899	Washington	4140963	0
190899	China	1814991	0
190899	VS	6252001	0
190899	Peking	1816670	0
190899	EU	6695072	0
190899	Brussel	2800866	0
190899	EU	6695072	0
190899	EU	6695072	0
190899	China	1814991	0
190899	Brussel	2800866	0
190899	Italië	3175395	0
190899	China	1814991	0
190899	Peking	1816670	0
190899	Griekenland	390903	0
190899	Italië	3175395	0
190899	Genua	3176219	0
190899	Triëst	3165185	0
190899	Italië	3175395	0
190899	China	1814991	0
190899	Nederland	2750405	0
190899	Nederland	2750405	0
190899	Rome	3169070	0
113091	Berlijn	2950159	1
113091	Berlijn	2950159	0
113091	Berlijn	2950159	0
113091	Spandau	7290252	0
218756	Noord-Holland	2749879	0
218756	Nederland	2750405	0
218756	Hoofddorp	2753801	0
218756	IJmuiden	2753376	0
218756	Drenthe	2756631	0
218756	Hoofddorp	2753801	0
218756	Amsterdam	2759794	0
218756	Limmen	2751592	0
218756	Losser	2751424	0
218756	Gronau	2917138	0
218756	Hoofddorp	2753801	0
218756	Hoofddorp	2753801	0
213749	Zandvoort	2744040	0
213749	Zandvoort	2744042	0
213749	Bloemendaal	2758804	0
213749	Wassenaar	2744989	0
213749	Noordwijk	2749814	0
213749	Den Haag	2747372	0
213749	Scheveningen	2747599	0
213749	Kijkduin	2752842	0
213749	Zuid-Holland	2743698	0
213749	Rockanje	2748029	0
213749	Hellevoetsluis	2754454	0
213749	Maasvlakte	2751280	0
213749	Hoek van Holland	2754007	0
213749	Gelderland	2755634	0
213749	Zeeland	2744011	0
213749	Noord-Brabant	2749990	0
213749	Limburg	2751596	0
185686	Rusland	2017370	1
185686	Rusland	2017370	0
185686	Rusland	2017370	0
185686	Wenen	2761369	0
185686	Saudi-Arabië	102358	0
185686	Iran	130758	0
185686	VS	6252001	0
185686	Iran	130758	0
158080	EU	6695072	0
158080	EU	6695072	0
158080	EU	6695072	0
158080	Londen	2643743	0
158080	EU	6695072	0
158080	EU	6695072	0
158080	Groot-Brittannië	2635167	0
158080	EU	6695072	0
158080	Ierse Republiek	2963597	0
158080	EU	6695072	0
158080	Noord-Ierland	2641364	0
158080	Noord-Ierland	2641364	0
158080	Ierland	2963597	0
158080	Ierland	2963597	0
158080	EU	6695072	0
158080	EU	6695072	0
158080	EU	6695072	0
34854	Utrecht	2745911	0
195758	Nijmegen	2750053	1
195758	Nijmegen	2750053	0
195758	Arnhem	2759661	0
195758	Utrecht	2745912	0
195758	Nijmegen	2750053	0
195758	Nijmegen	2750053	0
195758	Almelo	2759887	0
195758	Nijmegen	2750053	0
247963	Lützerath	2874728	1
247963	Lützerath	2874728	0
247963	Lützerath	2874728	0
247963	Lützerath	2874728	0
168807	Groningen	2755250	0
46613	Bani Walid	2218840	1
46613	Bani Walid	2218840	0
46613	Bani Walid	2218840	0
46613	Misrata	2214846	0
46613	Bani Walid	2218840	0
46613	Tripoli	2210247	0
46613	Bani Walid	2218840	0
159970	Rotterdam	2747890	1
159970	Spanje	2510769	1
159970	Rotterdam	2747890	0
159970	Rotterdam	2747890	0
159970	Rotterdam	2747890	0
159970	Spanje	2510769	0
159970	Rotterdam	2747890	0
159970	Spanje	2510769	0
159970	Spanje	2510769	0
159970	Catalonië	3336901	0
159970	Brussel	2800866	0
159970	Ripoll	3111607	0
159970	Barcelona	3128760	0
159970	Cambrils	3126888	0
159970	Parijs	2988507	0
159970	Europa	6255148	0
159970	Rotterdam	2747890	0
159970	Brussel	2800866	0
159970	Turkije	298795	0
159970	Nederland	2750405	0
159970	Europa	6255148	0
130057	Nederland	2750405	1
130057	België	2802361	0
130057	Duitsland	2921044	0
130057	Noord-Brabant	2749990	0
130057	Limburg	2751596	0
130057	Ossendrecht	2749223	0
130057	Hazeldonk	2754733	0
130057	Duitsland	2921044	0
130057	België	2802361	0
130057	Nederland	2750405	0
130057	Breda	2758401	0
130057	Tilburg	2746301	0
130057	Eindhoven	2756253	0
38363	het Witte Huis	4140704	0
38363	Amerika	6252001	0
38363	Texas	4736286	0
38363	Tampa	4174757	0
38363	Florida	4155751	0
137268	Nederland	2750405	0
137268	Wageningen Universiteit	8063513	0
137268	Wageningen Universiteit	8063513	0
16809	Leers	3004314	1
16809	Nederland	2750405	0
16809	Afghanistan	1149361	0
16809	Leers	3004314	0
16809	Afghanistan	1149361	0
16809	Leers	3004314	0
16809	Leers	3004314	0
16809	Nederland	2750405	0
19878	Egypte	357994	0
19878	Syrië	163843	0
19878	Frankrijk	3017382	0
19878	Groot-Brittannië	2648147	0
94037	Nederland	2750405	0
94037	Nederland	2750405	0
94037	Nederland	2750405	0
109737	Burundi	433561	1
109737	EU	6695072	0
109737	VS	6252001	0
109737	Burundi	433561	0
109737	Burundi	433561	0
205745	Seattle	5809844	0
82198	Den Bosch	2747350	0
174397	Europese Unie	6695072	0
174397	Rotterdam	2747891	0
174397	EU	6695072	0
246419	Nederland	2750405	0
246419	Meijendel	2750992	0
246419	Wassenaar	2744991	0
246419	Griekenland	390903	0
246419	Nederland	2750405	0
246419	Oost-Europa	7729884	0
246419	Nederland	2750405	0
217132	Leipzig	2879139	0
217132	Nederland	2750405	0
217132	Duitsland	2921044	0
217132	Leipzig	2879139	0
122437	Nederland	2750405	0
122437	Los Angeles	5368361	0
122437	Los Angeles	5368361	0
122437	VS	6252001	0
122437	VS	6252001	0
122437	Californië	5332921	0
226616	Alaska	5879092	1
226616	Alaska	5879092	0
226616	Arctic National Wildlife Refuge	5879632	0
226616	Alaska	5879092	0
226616	Alaska	5879092	0
226616	Arctic National Wildlife Refuge	5879632	0
57444	Pakistan	1168579	1
57444	Pakistan	1168579	0
57444	Afghanistan	1149361	0
199589	Iran	130758	0
199589	Iran	130758	0
199589	Iran	130758	0
199589	Teheran	112931	0
199589	Iran	130758	0
199589	Iran	130758	0
199589	Iran	130758	0
222736	Al-Hol	173797	1
222736	Al-Hol	173797	0
222736	Al-Hol	173797	0
222736	Syrië	163843	0
222736	Al-Hol	173797	0
6393	Zuid-Afrika	953987	1
6393	Zuid-Afrika	953987	0
6393	Kwazulu-Natal	972062	0
6393	Durban	1007311	0
229894	Terschelling	2746414	1
229894	Terschelling	2746414	0
229894	Texel	2746385	0
72222	Arnhem	2759661	0
146466	Drakensteyn	2756639	0
146466	Drakensteyn	2756639	0
200713	Japan	1861060	1
200713	Japan	1861060	0
200713	Tokio	1850147	0
200713	Nagano	1856215	0
200713	Kawasaki	1859647	0
200713	Tokio	1850147	0
200713	Tokio	1850147	0
200713	Japan	1861060	0
200713	Tokio	1850147	0
200713	Japan	1861060	0
200713	Tokio	1850147	0
200713	Japan	1861060	0
200713	Suzuka	9114398	0
246448	Londen	2643743	1
246448	Athene	264371	1
246448	British Museum	6697862	0
246448	Griekenland	390903	0
246448	Londen	2643743	0
246448	Akropolis	265409	0
246448	Athene	264371	0
246448	Akropolismuseum	7910525	0
246448	British Museum	6697862	0
246448	Griekenland	390903	0
246448	Londen	2643743	0
246448	Griekenland	390903	0
246448	British Museum	6697862	0
246448	Athene	264371	0
246448	Griekenland	390903	0
246448	British Museum	6697862	0
246448	British Museum	6697862	0
246448	Egypte	357994	0
246448	Europa	6255148	0
246448	Londen	2643743	0
246448	Nigeria	2328926	0
246448	Nederland	2750405	0
242758	Nederland	2750405	1
242758	Nederland	2750405	0
242758	Nederland	2750405	0
242758	Nederland	2750405	0
242758	Nederland	2750405	0
242758	Nederland	2750405	0
242758	Nederland	2750405	0
242758	Nederland	2750405	0
242758	Nederland	2750405	0
242758	Nederland	2750405	0
242758	Nederland	2750405	0
139725	Afghanistan	1149361	1
139725	Afghanistan	1149361	0
139725	Kunduz	1135689	0
139725	Kunduz	1135689	0
139725	Kunduz	1135689	0
139725	Afghanistan	1149361	0
139725	Kunduz	1135689	0
139725	Afghanistan	1149361	0
139725	Helmand	1140043	0
139725	Helmand	1140043	0
139725	Helmand	1140043	0
224196	Moskou	524901	0
11895	Oostzee	2633321	0
11895	Ålandseilanden	661485	0
11895	Oostzee	2633321	0
11895	Frankrijk	3017382	0
11895	Åland	661485	0
39849	Nederland	2750405	0
222356	Israël	294640	1
222356	Ga'ash	295102	0
222356	Tel Aviv	293397	0
222356	Middellandse Zee	363196	0
222356	Libanon	272103	0
222356	Middellandse Zee	363196	0
222356	Haifa	294801	0
222356	Ga'ash	295102	0
180604	Irak	99237	1
180604	Irak	99237	0
180604	Irak	99237	0
180604	Irak	99237	0
180604	Mali	2453866	0
115935	Italie	3913908	0
115935	Nederland	2750405	0
115935	Rotterdam	2747891	0
20281	Nederland	2750405	0
20281	Randstad	7279861	0
64942	China	1814991	1
64942	China	1814991	0
64942	China	1814991	0
64942	China	1814991	0
4018	Krakau	3094802	0
4018	Krakau	3094802	0
4018	Wawel	6694847	0
4018	Europa	6255148	0
4018	Baltische staten	12217933	0
4018	Katyn	1504181	0
4018	Warschau	756135	0
4018	Krakau	3094802	0
4018	Polen	798544	0
4018	Polen	798544	0
138412	Aleppo	170063	1
138412	Turkije	298795	0
138412	Syrie	163843	0
138412	Aleppo	170063	0
138412	Cilvegozu	318443	0
138412	Aleppo	170063	0
138412	Aleppo	170063	0
138412	Aleppo	170063	0
138412	Syrie	163843	0
78583	Jeddah	105343	0
243745	Kiev	703448	0
243745	Koepjansk	703656	0
243745	Rusland	2017370	0
243745	Charkov	706483	0
243745	Koepjansk	703656	0
243745	Charkov	706483	0
243745	Rusland	2017370	0
243745	Oekraïne	690791	0
243745	Koepjansk	703656	0
243745	Charkov	706483	0
243745	Koepjansk	703656	0
243745	Kiev	703448	0
243745	Koepjansk	703656	0
243745	Charkov	706483	0
243745	Izjoem	707292	0
243745	Izjoem	707292	0
243745	Donbas	709718	0
243745	Donbas	709718	0
243745	Kiev	703448	0
243745	Charkov	706483	0
243745	Rusland	2017370	0
243745	Charkov	706483	0
243745	Rusland	2017370	0
243745	Oekraïne	690791	0
243745	Oekraïne	690791	0
243745	Cherson	706448	0
243745	Oekraïne	690791	0
243745	Cherson	706448	0
243745	Charkov	706483	0
130036	Brussel	2800866	0
130036	Wallonie	3337387	0
130036	Brussel	2800866	0
130036	Merksplas	2791297	0
130036	Belgie	2802361	0
212347	Thailand	1605651	1
212347	Groot-Brittannie	2635167	0
212347	Verenigde Staten	6252001	0
212347	Thailand	1605651	0
212347	Thailand	1605651	0
212347	Thailand	1605651	0
229294	Griekenland	390903	1
229294	Griekenland	390903	0
229294	Evia	262565	0
229294	Peloponnesos	9062330	0
229294	Olympia	264637	0
229294	Parnitha	9036672	0
229294	Athene	264371	0
229294	Thrakomakedones	9035859	0
229294	Athene	264371	0
229294	Limni	254152	0
229294	Evia	262565	0
229294	Balkan	12216908	0
229294	Turkije	298795	0
229294	Karaburun	3185259	0
229294	Turkije	298795	0
229294	Mugla	304183	0
229294	Isparta	311071	0
229294	Manavgat	304854	0
151768	South Carolina	4597040	1
151768	South Carolina	4597040	0
151768	Kirkland Correctional Institution	9677446	0
151768	Columbia	4575352	0
69464	VS	6252001	1
69464	San Francisco	5391959	0
69464	San Francisco	5391959	0
243421	Groningen	2755249	0
243421	Engeland	6269131	0
243421	Spanje	2510769	0
243421	Italie	3175395	0
243421	Duitsland	2921044	0
243421	Frankrijk	3017382	0
243421	China	1814991	0
243421	Xinjiang	1529047	0
243421	China	1814991	0
243421	Kensington Palace	7627143	0
243421	Londen	2643743	0
249017	Iran	130758	1
249017	Iran	130758	0
249017	Berlijn	2950159	0
224617	Nederland	2750405	0
224617	Opsterland	2749277	0
224617	Drenthe	2756631	0
224617	Rotterdam	2747891	0
224617	Den Haag	2747373	0
224617	Utrecht	2745912	0
224617	Amsterdam	2759794	0
224617	Amsterdam	2759794	0
108325	Puerto Rico	4566967	0
125217	Nederland	2750405	0
125217	Nederland	2750405	0
125217	Nederland	2750405	0
125217	Parijs	2988507	0
125217	Nederland	2750405	0
125217	Nederland	2750405	0
125217	Europa	6255148	0
29849	Syrië	163843	1
29849	Damascus	170654	0
29849	Damascus	170654	0
29849	Damascus	170654	0
185255	Canada	6251999	1
185255	Canada	6251999	0
185255	Yukon-territorium	6185811	0
185255	Canada	6251999	0
185255	Yukon	6185811	0
115709	Drenthe	2756631	1
115709	Hoogeveen	2753719	0
115709	Drenthe	2756631	0
115709	Dwingeloo	2756451	0
115709	Exloo	2755947	0
115709	Assen	2759633	0
115709	Hoogeveen	2753719	0
137535	Gorinchem	2755434	0
137535	Gorinchem	2755434	0
137535	Zuid-Holland	2743698	0
98636	Groningen	2755249	1
98636	Groningen	2755249	0
98636	Groningen	2755249	0
98636	Nederland	2750405	0
98636	Groningen	2755249	0
146726	Washington	4140963	0
146726	Amerika	6252001	0
146726	Amerika	6252001	0
146726	Washington	4140963	0
146726	Washington	4140963	0
247593	China	1814991	1
247593	China	1814991	0
247593	Europese Unie	6695072	0
247593	China	1814991	0
247593	Brussel	2800866	0
247593	Europa	6255148	0
247593	Europese Unie	6695072	0
247593	China	1814991	0
247593	China	1814991	0
247593	Europa	6255148	0
247593	China	1814991	0
247593	China	1814991	0
247593	Peking	1816670	0
247593	Frankrijk	3017382	0
247593	EU	6695072	0
247593	Italie	3913908	0
247593	Frankrijk	3017382	0
247593	België	2802361	0
247593	China	1814991	0
247593	Spanje	2510769	0
247593	Nederland	2750405	0
247593	Nederland	2750405	0
247593	China	1814991	0
247593	China	1814991	0
247593	Schiphol	6296680	0
247593	Schiphol	6296680	0
212232	Nederland	2750405	0
212232	Nederland	2750405	0
212232	Nederland	2750405	0
212232	Nederland	2750405	0
24118	Europa	6255148	0
24118	Europa	6255148	0
24118	Europa	6255148	0
82171	Mali	2453866	1
82171	Mali	2453866	0
82171	Mali	2453866	0
82171	Mali	2453866	0
82171	Mali	2453866	0
82171	Mali	2453866	0
87478	Zuid-Sudan	7909807	1
87478	Zuid-Sudan	7909807	0
87478	Zuid-Sudan	7909807	0
139773	Hahntennjoch	2777043	0
139773	Reutte	2767511	0
182496	Eemskanaal	2756384	1
182496	Farmsum	2755929	0
182496	Eemskanaal	2756384	0
182496	Delfzijl	2757340	0
32578	Maasvlakte	2751280	0
32578	Rotterdam	2747891	0
32578	Antwerpen	2803138	0
33771	Well	2744865	0
33771	Limburg	2751596	0
18793	Griekenland	390903	0
18793	Athene	264371	0
18793	Griekenland	390903	0
18793	Universiteit in Amsterdam	6944498	0
18793	Griekenland	390903	0
18793	Griekenland	390903	0
18793	Griekenland	390903	0
18793	Griekenland	390903	0
18793	Europa	6255148	0
18793	Griekenland	390903	0
18793	Griekenland	390903	0
18793	Griekenland	390903	0
18793	Brussel	2800866	0
18793	Frankfurt	2925533	0
18793	Griekenland	390903	0
56472	Europa	6255148	0
56472	Brazilië	3469034	0
56472	China	1814991	0
110301	Rucphen	2747858	1
110301	Rucphen	2747858	0
242694	Oostenrijk	2782113	1
242694	Tirol	2763586	0
242694	Gschnitz	2777375	0
242694	Zuid-Frankrijk	3017382	0
242694	Rosières	2982780	0
242694	Ardèche	3037147	0
138670	Veenendaal	2745774	0
6711	R'dam	2747891	1
6711	Rotterdam	2747890	0
147635	Zuid-Korea	1835841	1
147635	Zuid-Korea	1835841	0
147635	VS	6252001	0
147635	Vietnam	1562822	0
50076	Bonn	2946447	1
50076	Bonn	2946447	0
50076	Langenfeld	2881085	0
50076	Düsseldorf	2934246	0
50076	Keulen	2886242	0
50076	Bonn	2946447	0
104412	Twente	2746058	0
104412	Achterhoek	2760027	0
104412	Drenthe	2756631	0
104412	Groningen	2755249	0
104412	Den Bosch	2747351	0
104412	Amsterdam	2759794	0
104412	Den Haag	2747373	0
104412	Haarlem	2755003	0
104412	Zwolle	2743477	0
104412	Wageningen	2745088	0
23689	Tripoli	2210247	0
23689	Libie	2215636	0
23689	Tripoli	2210247	0
23689	Tripoli	2210247	0
23689	Parijs	2988507	0
23689	Tripoli	2210247	0
23689	Tripoli	2210247	0
23689	Tripoli	2210247	0
71348	Tacloban	1684712	1
71348	Cebu	1717513	0
71348	Filipijnen	1694008	0
71348	Tacloban	1684712	0
71348	Tacloban	1684712	0
71348	Tacloban	1684712	0
71348	Tacoblan	1684712	0
71348	Tacloban	1684712	0
71348	Nederland	2750405	0
71348	Tacloban	1684712	0
225003	Den Haag	2747373	0
119846	Zuidoost	6544881	0
119846	Bijlmer	6954350	0
119846	Amsterdam	2759794	0
119846	Londen	2643743	0
119846	New York	5128581	0
119846	Parijs	2988507	0
119846	Rotterdam	2747890	0
119846	Diemen	2756888	0
119846	Gaasperplas	6954386	0
104154	Brussel	2800866	0
104154	EU	6695072	0
116820	Zuid-Amerika	6255150	0
116820	Antwerpen	2803138	0
116820	Rotterdam	2747890	0
116820	Zuid-Amerika	6255150	0
116820	Peru	3932488	0
116820	Belgie	2802361	0
116820	Rotterdam	2747890	0
116820	Belgie	2802361	0
116820	Duitsland	2921044	0
116820	Colombia	3686110	0
128371	Oekraïne	690791	0
128371	Oekraïne	690791	0
128371	Groot- Brittannië	2635167	0
9585	Londen	2643743	0
9585	Verenigd Koninkrijk	2635167	0
9585	Londen	2643743	0
9585	Oost-Londen	12042174	0
9585	Londen	2643743	0
9585	Engeland	6269131	0
9585	Somalië	51537	0
9585	Jemen	69543	0
9585	Pakistan	1168579	0
212724	Drenthe	2756631	0
212724	Friesland	2755812	0
212724	Groningen	2755249	0
212724	Brabant	2758432	0
212724	Drenthe	2756631	0
212724	Groningen	2755249	0
212724	Friesland	2755812	0
17988	Tripoli	2210247	0
17988	Tripoli	2210247	0
17988	Nederland	2750405	0
17988	Libie	2215636	0
17988	Nederland	2750405	0
17988	Libie	2215636	0
17988	Nederland	2750405	0
169528	Universiteit van Birmingham	10630229	0
169528	Engeland	6269131	0
253756	Europese Unie	6695072	0
253756	EU	6695072	0
253756	China	1814991	0
253756	China	1814991	0
253756	Rusland	2017370	0
253756	China	1814991	0
253756	China	1814991	0
253756	Brussel	2800866	0
253756	Nederland	2750405	0
253756	Oekraïne	690791	0
253756	China	1814991	0
253756	Brussel	2800866	0
253756	EU	6695072	0
253756	Nederland	2750405	0
253756	Verenigde Staten	6252001	0
253756	China	1814991	0
253756	Brussel	2800866	0
145684	Oost-Europa	7729884	0
145684	Nederland	2750405	0
145684	Nederland	2750405	0
145684	Napels	3172394	0
145684	Nederland	2750405	0
145684	Oost-Europa	7729884	0
145684	Tsjechie	3077311	0
70169	Nieuwegein	2750325	0
70169	Lelystad	2751738	0
256	Scherpenzeel	2747607	0
256	Gelderland	2755634	0
256	Scherpenzeel	2747607	0
256	Barneveld	2759407	0
155550	Brabant	2758432	1
155550	Brabant	2758432	0
155550	Europa	6255148	0
155550	Brabant	2758432	0
155550	De Peel	2757157	0
155550	Brabant	2758432	0
155550	Deurne	2757009	0
155550	Limburg	2751596	0
155550	Den Haag	2747373	0
155550	Brabant	2758432	0
171549	Rusland	2017370	0
171549	Rusland	2017370	0
171549	Salisbury	2638664	0
171549	Rusland	2017370	0
171549	Moskou	524901	0
59815	Syrië	163843	1
59815	Syrië	163843	0
59815	Syrië	163843	0
59815	Syrië	163843	0
56498	Zambia	895949	1
56498	Zambia	895949	0
56498	Nigeria	2328926	0
56498	Zambia	895949	0
56498	Zambia	895949	0
119951	Soestdijk	6950760	1
119951	Soestdijk	6950760	0
119951	Utrecht	2745909	0
119951	Soest	2747033	0
119951	Baarn	2759543	0
119951	Soestdijk	6950760	0
119951	Nederland	2750405	0
119951	Soestdijk	6950760	0
107820	Nederland	2750405	0
55215	Kenia	192950	1
55215	Kenia	192950	0
55215	Kenia	192950	0
127824	Westerlee	2744716	0
127824	Rotterdam	2747891	0
127824	Gouda	2755420	0
127824	Amsterdam	2759794	0
127824	Brabant	2758432	0
127824	Limburg	2751596	0
127824	Schiphol	6639945	0
180389	Texas	4736286	0
180389	Dallas	4684888	0
194385	Leersum	2751801	0
91423	Voorburg	2745321	1
91423	Voorburg	2745321	0
91423	Den Haag	2747373	0
125755	Parijs	2988507	1
125755	Parijs	2988507	0
125755	Frankrijk	3017382	0
125755	Parijs	2988507	0
125755	Nederland	2750405	0
125755	Frankrijk	3017382	0
66407	Israël	294640	1
66407	Israël	294640	0
66407	Midden-Oosten	6269133	0
66407	Negev-woestijn	294886	0
66407	Israël	294640	0
66407	Israël	294640	0
117056	Amsterdam	2759794	1
117056	Seattle	5809844	0
117056	Verenigde Staten	6252001	0
117056	Amsterdam	2759794	0
117056	Illinois	4896861	0
117056	Seattle	5809844	0
181806	Artis	6951705	1
181806	Artis	6951705	0
181806	Kopenhagen	2618425	0
181806	Kopenhagen	2618425	0
181806	Artis	6951705	0
181806	Kopenhagen	2618425	0
49321	Almere	2759879	0
36278	Syrië	163843	1
36278	Hama	170017	0
36278	Hama	170017	0
36278	Syrië	163843	0
36278	Hama	170017	0
36278	Hama	170017	0
36278	Syrië	163843	0
2712	Mexico	3996063	1
2712	Ciudad Juárez	4013708	0
2712	Mexico	3996063	0
2712	Ciudad Juarez	4013708	0
99433	Somalie	51537	1
99433	Mogadishu	53654	0
99433	Den Haag	2747373	0
226928	Nederland	2750405	0
73026	China	1814991	1
73026	China	1814991	0
73026	Xinjiang	1529047	0
73026	Zijderoutestad Kasjgar	1280849	0
73026	Xinjiang	1529047	0
87307	Zweden	2661886	1
87307	Zweden	2661886	0
87307	Västmanland	2664179	0
87307	Stockholm	2673730	0
56814	Irak	99237	1
56814	Irak	99237	0
56814	Bagdad	98182	0
56814	Kirkuk	94787	0
56814	Bagdad	98182	0
56814	Kirkuk	94787	0
56814	Irak	99237	0
56814	Syrie	163843	0
56814	Irak	99237	0
130033	Oostenrijk	2782113	0
130033	Hongarije	719819	0
130033	Oostenrijk	2782113	0
27191	Irak	99237	1
27191	Irak	99237	0
27191	Irak	99237	0
128831	Mali	2453866	0
189862	Belgie	2802361	1
189862	Belgie	2802361	0
189862	Moskou	524901	0
189862	Zaventem	2783310	0
189862	Belgie	2802361	0
198494	Den Haag	2747373	1
198494	Den Haag	2747373	0
198494	Rijswijk	2748076	0
119055	Londen	2643743	0
12535	Afghanistan	1149361	0
12535	Groot-Brittannie	2635167	0
12535	VS	6252001	0
12535	Verenigde Staten	6252001	0
12535	Zweden	2661886	0
12535	Zweden	2661886	0
12535	VS	6252001	0
12535	Zweden	2661886	0
12535	VS	6252001	0
199905	Italie	3913908	1
199905	Italie	3913908	0
199905	Zwitserland	2658434	0
199905	Italie	3913908	0
199905	Milaan	3173435	0
199905	Italie	3913908	0
118599	Jemen	69543	1
118599	Jemen	69543	0
118599	Saudi-Arabië	102358	0
118599	Taiz	6723648	0
118599	Jemen	69543	0
118599	Kunduz	1135689	0
118599	Pentagon	4778469	0
211394	Chili	3895114	0
211394	Chili	3895114	0
211394	Latijns-Amerika	6255150	0
211394	Santiago	3871336	0
211394	Santiago	3871336	0
211394	Puente Alto	3875024	0
234124	Nederland	2750405	1
234124	Nederland	2750405	0
234124	Den Haag	2747373	0
234124	Londen	2643743	0
234124	Nederland	2750405	0
234124	Nederland	2750405	0
234124	Verenigd Koninkrijk	2635167	0
234124	Londen	2643743	0
234124	Nederland	2750405	0
234124	Nederland	2750405	0
234124	Verenigd Koninkrijk	2635167	0
234124	Nederland	2750405	0
234124	Wassenaar	2744991	0
42403	R'dam	2747891	1
42403	Rotterdam-Rijnmond	7279858	0
42403	Rotterdam	2747891	0
66532	Nederland	2750405	1
66532	Nederland	2750405	0
66532	Amsterdam	2759794	0
66532	Nederland	2750405	0
169236	Zuid-Italie	12089033	0
246455	Java	1642673	1
246455	Semeru-vulkaan	1627837	0
246455	Java	1642673	0
246455	Semeru	1627837	0
246455	Jakarta	1642911	0
246455	Lumajang	1637090	0
246455	Oost-Java	1642668	0
246455	Java	1642673	0
246455	Jakarta	1642911	0
246455	Semeru	1627837	0
246455	Indonesië	1643084	0
246455	Indonesië	1643084	0
134539	Amerika	6252001	0
134539	North Carolina	4482348	0
134539	Harvard-universiteit	4938981	0
134539	VS	6252001	0
134539	Baltimore	4347778	0
134539	Dallas	4684888	0
134539	Los Angeles	5368361	0
134539	St. Louis	4407066	0
134539	Washington	4140963	0
134539	VS	6252001	0
134539	Amerika	6252001	0
168755	Uithuizermeeden	2745968	0
168755	Uithuizermeeden	2745968	0
24302	Frankfurt	2925533	0
24302	Frankfurt	2925533	0
24302	Europa	6255148	0
24302	Brazilie	3469034	0
24302	Frankfurt	2925533	0
24302	Frankfurt	2925533	0
24302	Frankfurt	2925533	0
24302	Nederland	2750405	0
18121	Bahrein	290291	1
18121	Bahrein	290291	0
18121	Bahrein	290291	0
18121	Bahrein	290291	0
245763	Antwerpen	2803138	1
245763	Antwerpen	2803138	0
245763	Antwerpen	2803138	0
245763	Antwerpen	2803138	0
245763	Antwerpen	2803138	0
245763	Antwerpen	2803138	0
245763	Antwerpen	2803138	0
80363	Panama	3703430	1
80363	Panama	3703430	0
80363	Panama	3703430	0
77269	Iran	130758	1
77269	Iran	130758	0
77269	Egypte	357994	0
77269	Libanon	272103	0
77269	Egypte	357994	0
56389	Filipijnen	1694008	0
56389	Pagadian	1696710	0
116131	Griekenland	390903	0
128142	Brussel	2800866	0
128142	Brussel	2800866	0
17272	Amsterdam	2759794	0
17272	Nederland	2750405	0
17272	Nederland	2750405	0
151106	Overijssel	2748838	1
151106	Gelderland	2755634	1
151106	Overijssel	2748838	0
151106	Gelderland	2755634	0
151106	Waalre	2745127	0
151106	Overloon	2748833	0
151106	Drenthe	2756631	0
151106	Utrecht	2745909	0
151106	Brabant	2749990	0
151106	Zeeland	2744011	0
230330	Panjshirvallei	9166447	1
230330	Panjshirvallei	9166447	0
230330	Afghanistan	1149361	0
230330	Afghanistan	1149361	0
230330	Panjshirvallei	9166447	0
230330	Panjshir	6957555	0
217787	Utrecht	2745912	0
217787	Utrecht	2745912	0
217787	Leipzig	2879139	0
217787	Belfast	2655984	0
217787	Windsor Park	6347887	0
105215	Egypte	357994	1
105215	Egypte	357994	0
105215	Irak	99237	0
105215	Syrië	163843	0
183070	Den Bosch	2747351	0
196410	Amsterdam	2759794	1
196410	Amsterdam	2759794	0
174270	Engelbert	2756097	0
221704	Nederland	2750405	0
221704	Turkije	298795	0
221704	Turkije	298795	0
221704	Armenie	174982	0
221704	Turkije	298795	0
221704	Yerevan	616052	0
221704	Turkije	298795	0
221704	Azerbeidjan	587116	0
221704	Nagorno-Karabach	409410	0
232850	Cannes	3028808	1
232850	Cannes	3028808	0
75200	Syrie	163843	1
75200	Syrie	163843	0
75200	Qatar	289688	0
219306	Iowa	4862182	0
219306	Iowa	4862182	0
219306	VS	6252001	0
219306	South Bend	4926563	0
219306	Indiana	4921868	0
219306	VS	6252001	0
115022	Nederland	2750405	1
115022	Nederland	2750405	0
115022	Brussel	2800866	0
115022	Frankrijk	3017382	0
115022	Belgie	2802361	0
115022	Belgie	2802361	0
115022	Vlaanderen	3337388	0
115022	Brussel	2800866	0
206295	Afghanistan	1149361	0
206295	VS	6252001	0
206295	Kunduz	1135689	0
206295	Nederland	2750405	0
206295	Uruzgan	1131462	0
206295	Kunduz	1135689	0
206295	Mali	2453866	0
206295	Syrië	163843	0
206295	Rusland	2017370	0
206295	China	1814991	0
206295	Afghanistan	1149361	0
74292	Afghanistan	1149361	0
74292	Ramstein	2850539	0
74292	Duitsland	2921044	0
74292	Afghanistan	1149361	0
74292	Logan	1134561	0
126971	Amsterdam CS	2759790	1
126971	Amsterdam Centraal	2759790	0
154155	Rusland	2017370	1
154155	Rusland	2017370	0
154155	Verenigde Staten	6252001	0
154155	Witte Huis	4140704	0
154155	Rusland	2017370	0
154155	Rusland	2017370	0
104862	Cyprus	146670	0
104862	Cyprus	146670	0
104862	Noorwegen	3144096	0
104862	Middellandse Zee	363196	0
104862	Cyprus	146670	0
104862	Griekenland	390903	0
104862	Cyprus	146670	0
104862	Cyprus	146670	0
104862	Turkije	298795	0
104862	Cyprus	146670	0
104862	Europese Unie	6695072	0
133517	Nederland	2750405	0
133517	Italië	3175395	0
133517	Italië	3175395	0
133517	Nederland	2750405	0
183459	Hawaï	5855797	1
183459	Hawai	5855797	0
183459	East Island	12541829	0
183459	Honolulu	5856195	0
183459	Stille Oceaan	2363254	0
183459	East Island	12541829	0
183459	Universiteit van Hawaï	5853926	0
183459	East Island	12541829	0
183459	East Island	12541829	0
152440	Groot-Brittannië	2648147	0
46222	Europa	6255148	0
46222	Griekenland	390903	0
46222	Groot-Brittannië	2648147	0
46222	Europa	6255148	0
204681	Oezbekistan	1512440	0
161879	Oekraïne	690791	0
161879	Kalynivka	707155	0
161879	Kiev	703448	0
161879	Oekraïne	690791	0
97497	Tours	2972191	0
121591	Jakarta	1642911	1
121591	Jakarta	1642911	0
121591	Singapore	1880251	0
121591	Indonesie	1643084	0
7962	Pakistan	1168579	1
7962	Pakistan	1168579	0
7962	Pakistan	1168579	0
7962	EU	6695072	0
171243	Nederland	2750405	0
171243	Hoevelaken	2753987	0
171243	Katlijk	2753034	0
171243	Bunschoten	2758104	0
171243	Lelystad	2751738	0
171243	Lelystad	2751738	0
171243	Nederland	2750405	0
171243	Nederland	2750405	0
171243	Nederland	2750405	0
171243	Lelystad	2751738	0
174179	Nederland	2750405	1
174179	Turkije	298795	1
174179	Europa	6255148	1
174179	Nederland	2750405	0
174179	Turkije	298795	0
174179	Griekenland	390903	0
174179	Italië	3175395	0
174179	Nederland	2750405	0
174179	Nederland	2750405	0
174179	Europese Unie	6695072	0
174179	Syrie	163843	0
174179	Eritrea	338010	0
174179	Nederland	2750405	0
174179	Duitsland	2921044	0
174179	Italië	3175395	0
174179	Nederland	2750405	0
174179	Nederland	2750405	0
180167	Verenigd Koninkrijk	2635167	0
180167	Europese Unie	6695072	0
180167	EU	6695072	0
180167	Londen	2643743	0
180167	Verenigd Koninkrijk	2635167	0
180167	Verenigd Koninkrijk	2635167	0
180167	EU	6695072	0
180167	EU	6695072	0
180167	EU	6695072	0
183778	Verenigde Staten	6252001	0
183778	Cariben	7729891	0
183778	Azië	6255147	0
183778	China	1814991	0
183778	Verenigde Staten	6252001	0
183778	Filipijnen	1694008	0
183778	India	1269750	0
183778	Indonesië	1643084	0
180519	Centraal Station	6621479	0
180519	Den Haag	2747373	0
180519	Pakistan	1168579	0
229965	Kabul	1138958	1
229965	Kabul	1138958	0
229965	Den Haag	2747373	0
229965	Kabul	1138958	0
229965	Afghanistan	1149361	0
229965	Kabul	1138958	0
229965	Nederland	2750405	0
229965	Afghanistan	1149361	0
48118	Iran	130758	1
48118	Iran	130758	0
48118	Qom	119208	0
48118	Iran	130758	0
48118	Iran	130758	0
48118	Iran	130758	0
48118	Teheran	112931	0
48118	Iran	130758	0
48118	Iran	130758	0
48118	Iran	130758	0
48118	VS	6252001	0
48118	Rusland	2017370	0
48118	China	1814991	0
48118	Groot-Brittannië	2648147	0
48118	Frankrijk	3017382	0
48118	Duitsland	2921044	0
48118	Iran	130758	0
48118	Israël	294640	0
169059	Amsterdam	2759794	1
169059	IJ	2754261	0
169059	Amsterdam	2759794	0
45829	Kentucky	6254925	0
238307	Boetsja	711350	1
238307	Boetsja	711350	0
238307	Kiev	703448	0
238307	Boetsja	711350	0
238307	Kiev	703448	0
238307	Boetsja	711350	0
238307	Rusland	2017370	0
238307	Kiev	703448	0
238307	Boetsja	711350	0
238307	Oekraïne	690791	0
238307	EU	6695072	0
238307	Verenigd Koninkrijk	2635167	0
238307	Rusland	2017370	0
238307	Nederland	2750405	0
238307	Nederland	2750405	0
226500	Italie	3175395	1
226500	Italië	3175395	0
226500	Verbania	3164567	0
226500	Mottarone	3172503	0
226500	Israël	294640	0
69450	Namen	2790471	1
69450	Marchovelette	2791729	0
69450	Namen	2790471	0
69450	Temploux	2785780	0
69450	Marchovelette	2791729	0
125070	Schengengebied	12503661	0
125070	Polen	798544	0
125070	Nederland	2750405	0
125070	Duitsland	2921044	0
125070	België	2802361	0
125070	Frankrijk	3017382	0
125070	Groot-Brittannië	2648147	0
228454	Randstad	7279861	0
228454	Friesland	2755812	0
79512	Deurne	2757009	0
79512	Deurne	2757009	0
79512	Deurne	2757009	0
184219	Roermond	2748000	0
184219	Roermond	2748000	0
184219	Enschede	2756071	0
184219	Hengelo	2754394	0
184219	Emmen	2756136	0
184219	Hengelo	2754394	0
184219	Enschede	2756071	0
184219	Emmen	2756136	0
184219	Nederland	2750405	0
46621	Europa	6255148	1
46621	Europese Unie	6695072	0
46621	Griekenland	390903	0
46621	Italie	3175395	0
46621	Portugal	2264397	0
46621	Ierland	2963597	0
46621	Belgie	2802361	0
46621	Duitsland	2921044	0
46621	Italie	3175395	0
46621	Frankrijk	3017382	0
46621	Estland	453733	0
46621	Bulgarije	732800	0
46621	Luxemburg	2960313	0
46621	Litouwen	597427	0
46621	Letland	458258	0
46621	Hongarije	719819	0
56884	Parijs	2988507	0
56884	Barajas	6299345	0
56884	Madrid	3117735	0
56884	Bordeaux	3031582	0
56884	Frankrijk	3017382	0
56884	Parijs	2988507	0
117149	Parijs	2988507	1
117149	Parijs	2988507	0
117149	Parijs	2988507	0
117149	Syrie	163843	0
117149	Stade de France	6620268	0
117149	Frankrijk	3017382	0
117149	Duitsland	2921044	0
117149	Frankrijk	3017382	0
117149	Duitsland	2921044	0
117149	Parijs	2988507	0
76845	Pennsylvania	6254927	0
76845	Alaska	5879092	0
76845	Texas	4736286	0
76845	North Carolina	4482348	0
76845	Californie	5332921	0
76845	Alaska	5879092	0
76845	North Carolina	4482348	0
137408	Nieuwegein	2750325	0
252895	Egypte	357994	1
252895	Sakkara	349608	0
252895	Caïro	360630	0
252895	Sakkara	349608	0
252895	Sakkara	349608	0
252895	Egypte	357994	0
252895	Memphis	352547	0
252895	piramide van Djoser	352051	0
252895	Sakkara	349608	0
252895	Egypte	357994	0
62286	Hongkong	1819729	1
62286	Hongkong	1819729	0
62286	Hongkong	1819729	0
62286	Moskou	524901	0
62286	Hongkong	1819729	0
62286	Moskou	524901	0
62286	IJsland	2629691	0
62286	Ecuador	3658394	0
62286	Moskou	524901	0
62286	VS	6252001	0
62286	Hongkong	1819729	0
62286	Hongkong	1819729	0
62286	VS	6252001	0
62286	Hongkong	1819729	0
105456	Californie	5332921	1
105456	Santa Barbara	5392952	0
105456	Californie	5332921	0
105456	Stille Oceaan	2363254	0
123681	Londen	2643743	1
123681	Verenigd Koninkrijk	2635167	0
123681	Londen	2643743	0
123681	Dublin	2964574	0
123681	Verenigde Staten	6252001	0
123681	Ierland	2963597	0
123681	Nederland	2750405	0
123681	Bermuda	3573345	0
36960	Den Haag	2747373	0
36960	Den Haag	2747373	0
36960	Nederland	2750405	0
244779	Zuid-Holland	2743698	1
244779	Zuid-Holland	2743698	0
244779	Drenthe	2756631	0
32025	Libie	2215636	1
32025	Libie	2215636	0
32025	Kufra	88962	0
32025	Libie	2215636	0
32025	Libie	2215636	0
193921	Washington	5815135	1
193921	Washington	5815135	0
193921	Zweden	2661886	0
15596	Marokko	2542007	1
15596	Tunesie	2464461	0
15596	Marokko	2542007	0
15596	Marokko	2542007	0
15596	Marokko	2542007	0
15596	Marokko	2542007	0
15596	Marokko	2542007	0
15596	Marokko	2542007	0
15596	Marokko	2542007	0
15596	Tunesie	2464461	0
15596	Egypte	357994	0
252495	Vlissingen	2745392	1
252495	Vlissingen	2745392	0
252495	Breda	2758401	0
252495	Breda	2758401	0
176583	Nederland	2750405	1
176583	Nederland	2750405	0
176583	Nederland	2750405	0
176583	Nederland	2750405	0
176583	Nederland	2750405	0
176583	Nederland	2750405	0
176583	Nederland	2750405	0
176583	Nederland	2750405	0
3959	Rio	3451190	1
3959	Rio de Janeiro	3451190	0
3959	Rio de Janeiro	3451190	0
91839	Nigeria	2328926	1
91839	Nigeria	2328926	0
91839	Senegal	2245662	0
91839	Nigeria	2328926	0
91839	West-Afrika	7729885	0
91839	Liberia	2275384	0
91839	Guinee	2420477	0
91839	Sierra Leone	2403846	0
85516	Rome	3169070	1
85516	Rome	3169070	0
85516	Rome	3169070	0
85516	Basilica di Santa Maria	6954115	0
85516	Trastevere	3165306	0
85516	Rome	3169070	0
85516	Rome	3169070	0
85516	Rome	3169070	0
144170	China	1814991	1
144170	China	1814991	0
144170	Peking	1816670	0
144170	Peking	1816670	0
144170	Iowa	4862182	0
144170	Sioux City	4876523	0
144170	China	1814991	0
144170	VS	6252001	0
144170	Peking	1816670	0
144170	VS	6252001	0
144170	Taiwan	1668284	0
144170	Hebei	1808773	0
144170	Iowa	4862182	0
144170	Iowa	4862182	0
144170	China	1814991	0
181643	Nederland	2750405	0
152911	EU	6695072	1
152911	Londen	2643743	1
152911	Londen	2643743	0
152911	Londen	2643743	0
152911	Londen	2643743	0
152911	EU	6695072	0
152911	Verenigd Koninkrijk	2635167	0
152911	Nederland	2750405	0
1183	Chili	3895114	0
1183	Tunesie	2464461	0
1183	Duitsland	2921044	0
7524	Zuid-Amerika	6255150	1
7524	Zuid-Amerika	6255150	0
7524	Argentinie	3865483	0
7524	Bolivia	3923057	0
7524	Paraguay	3437598	0
7524	Brazilie	3469034	0
7524	Bolivia	3923057	0
7524	Peru	3932488	0
7524	Zuidpool	6269204	0
7524	Peru	3932488	0
208337	EU	6695072	1
208337	Europese Unie	6695072	0
208337	Nederland	2750405	0
208337	Nederland	2750405	0
208337	Belgie	2802361	0
208337	Luxemburg	2960313	0
208337	Frankrijk	3017382	0
208337	Nederland	2750405	0
208337	VS	6252001	0
208337	Europa	6255148	0
208337	Brussel	2800866	0
208337	Europa	6255148	0
47810	Westelijke Jordaanoever	285153	0
47810	Ramallah	282239	0
47810	Ramallah	282239	0
47810	Ramallah	282239	0
47810	Parijs	2988507	0
47810	Israël	294640	0
47810	Londen	2643743	0
54117	Venezuela	3625428	0
54117	Cuba	3562981	0
54117	Cuba	3562981	0
239698	Nederland	2750405	0
218668	Nederland	2750405	0
94790	Zoetermeer	2743855	1
94790	Zoetermeer	2743855	0
94790	Scheepvaartmuseum	6951700	0
94790	Amsterdam	2759794	0
77738	Zwolle	2743477	0
50115	Belgie	2802361	0
50115	Parijs	2988507	0
50115	Néchin	2790427	0
50115	Frankrijk	3017382	0
50115	Parijs	2988507	0
204897	Werkhoven	2744825	1
204897	Werkhoven	2744825	0
204897	t Goy	2746380	0
204897	Werkhoven	2744825	0
204897	Cothen	2757899	0
180316	Simpelveld	2747312	0
180316	Wijnandsrade	2744471	0
180316	Nuth	2749752	0
180316	Limburg	2751596	0
180316	Vogezen	2967681	0
180316	Vogezen	2967681	0
180316	Frankrijk	3017382	0
54957	Italie	3175395	0
54957	Italie	3175395	0
70812	Libie	2215636	0
70812	Libie	2215636	0
70812	Libië	2215636	0
70812	Cyrenaica	88252	0
70812	Cyrenaica	88252	0
70812	Libie	2215636	0
70812	Tripoli	2210245	0
70812	Italie	3175395	0
207731	Indonesie	1643084	1
207731	Indonesie	1643084	0
207731	Jakarta	1642911	0
207731	Indonesie	1643084	0
207731	Nederlands-Indië	1643084	0
207731	Indonesie	1643084	0
207731	Kalibata	6751037	0
207731	Indonesie	1643084	0
207731	Nederland	2750405	0
207731	Nederland	2750405	0
207731	Jakarta	1642911	0
207731	Jogjakarta	1621177	0
207731	Java	1642673	0
207731	Kalimantan	1641903	0
207731	Sumatra	1626198	0
207731	Kalimantan	1641903	0
207731	Sumatra	1626198	0
207731	Indonesie	1643084	0
207731	Jakarta	1642911	0
207731	Surabaya	1625822	0
157055	Europa	6255148	0
9568	Atlantische Oceaan	3373405	1
9568	Atlantische Ocean	3373405	0
9568	Atlantische Oceaan	3373405	0
9568	Mexico	3996063	0
9568	Mexico	3996063	0
9568	Veracruz	3514783	0
9568	Mexico	3996063	0
9568	Veracruz	3514783	0
9568	Mexico	3996063	0
9568	Atlantische Oceaan	3373405	0
104166	Nijmegen	2750053	1
104166	Arnhem	2759661	0
104166	Nijmegen	2750053	0
54076	New York	5128581	1
54076	New York	5128581	0
54076	New York	5128581	0
54076	Los Angeles	5368361	0
54076	Seattle	5809844	0
134156	Den Haag	2747373	0
134156	Syrie	163843	0
204043	VS	6252001	1
204043	Hawija	95889	1
204043	Hawija	95889	0
204043	Bagdad	98182	0
204043	Hawija	95889	0
204043	Hawija	95889	0
204043	Hawija	95889	0
204043	Qatar	289688	0
204043	National Defense University	4139739	0
204043	Hawija	95889	0
204043	Hawija	95889	0
204043	Kirkuk	94787	0
204043	Hawija	95889	0
204043	Hawija	95889	0
204043	Verenigde Staten	6252001	0
204043	Hawija	95889	0
204043	Nederland	2750405	0
24708	Den Haag	2747373	0
24708	Utrecht	2745912	0
64473	Duitsland	2921044	0
64473	Baden-Württemberg	2953481	0
64473	Stuttgart	2825297	0
64473	Beieren	2951839	0
223016	Catalonie	3336901	1
223016	Limburg	2751596	0
224017	Nederland	2750405	0
224017	Rotterdam	2747890	0
224017	Rotterdam	2747891	0
224017	Nederland	2750405	0
224017	Nederland	2750405	0
224017	Letland	458258	0
83789	Londen	2643743	0
184080	Amerika	6252001	0
184080	Doha	290030	0
204815	Hawai	5855797	0
204815	Australie	2077456	0
204815	Australie	2077456	0
204815	Australie	2077456	0
204815	Australie	2077456	0
177601	Belgie	2802361	1
177601	Lanaken	2793447	0
177601	Sittard	2747203	0
69277	Leiden	2751773	0
165974	VS	6252001	1
165974	Jeruzalem	281184	1
165974	Israël	294640	0
165974	Jeruzalem	281184	0
165974	al-Quds	281184	0
165974	Jeruzalem	281184	0
165974	VS	6252001	0
165974	Israël	294640	0
165974	VS	6252001	0
165974	Jeruzalem	281184	0
165974	Israël	294640	0
165974	Palestina	6254930	0
165974	Jeruzalem	281184	0
165974	Israël	294640	0
165974	Israël	294640	0
165974	West-Jeruzalem	7498240	0
165974	Oost-Jeruzalem	7303419	0
165974	Israël	294640	0
165974	Egypte	357994	0
165974	Syrie	163843	0
165974	Jordanie	248816	0
165974	Israël	294640	0
165974	Oost-Jeruzalem	7303419	0
165974	Israël	294640	0
165974	Israël	294640	0
165974	Oost-Jeruzalem	7303419	0
165974	Oost-Jeruzalem	7303419	0
165974	al-Aqsamoskee	6269611	0
165974	Rotskoepel	6269612	0
165974	Heilig Grafkerk	8335062	0
165974	Jeruzalem	281184	0
165974	Jeruzalem	281184	0
165974	Tel Aviv	293397	0
165974	Nederland	2750405	0
165974	Ramallah	282239	0
165974	VS	6252001	0
165974	VS	6252001	0
165974	Tel Aviv	293397	0
165974	Jeruzalem	281184	0
165974	Amerika	6252001	0
165974	Jeruzalem	281184	0
165974	VS	6252001	0
165974	Jeruzalem	281184	0
165974	Israël	294640	0
165974	Jeruzalem	281184	0
165974	(Oost-)Jeruzalem	7303419	0
165974	Europese Unie	6695072	0
165974	Nederland	2750405	0
165974	Israël	294640	0
165974	Tempelberg	11258705	0
165974	EU	6695072	0
165974	Israël	294640	0
165974	Israël	294640	0
165974	VS	6252001	0
165974	Jeruzalem	281184	0
165974	Nederland	2750405	0
165974	Israël	294640	0
165974	VS	6252001	0
165974	VS	6252001	0
165974	Jeruzalem	281184	0
165974	Jeruzalem	281184	0
165974	Jeruzalem	281184	0
165974	VS	6252001	0
165974	Jeruzalem	281184	0
23511	Nederland	2750405	1
23511	Iran	130758	0
23511	Iran	130758	0
31332	Nederland	2750405	0
31332	Schiphol	6296680	0
31332	Schiphol	6296680	0
210526	Elburg	2756232	1
210526	Elburg	2756232	0
210526	Elburg	2756232	0
210526	Elburg	2756232	0
210526	Veluwe	2745664	0
210526	Veluwemeer	2745663	0
251150	Best	2759040	0
251150	Australie	2077456	0
251150	Best	2759040	0
131175	Belgie	2802361	1
131175	Belgie	2802361	0
56362	Turkije	298795	1
56362	Israël	294640	0
56362	Turkije	298795	0
56362	Israël	294640	0
56362	Turkije	298795	0
56362	Israël	294640	0
56362	Turkije	298795	0
56362	Gazastrook	281132	0
56362	Gazastrook	281132	0
110768	Libie	2215636	0
110768	Italie	3175395	0
110768	Lampedusa	2524459	0
26676	Zuidwest-Engeland	6692262	0
26676	Somerset	2637532	0
26676	Taunton	2636177	0
230898	Kaapstad	3369157	0
230898	Zuid-Afrika	953987	0
230898	Kaapstad	3369157	0
65486	Bali	1650534	1
65486	Bali	1650534	0
65486	Padangbai	1633411	0
65486	Lombok	7869837	0
65486	VS	6252001	0
65486	Australie	2077456	0
237634	Zwolle	2743477	0
237634	Zwolle	2743477	0
237634	Zandvoort	2744042	0
237634	Oldenzaal	2749644	0
218314	Schotland	2638360	0
218314	Groot-Brittannie	2648147	0
15544	Amsterdam	2759794	0
15544	Amsterdam	2759794	0
15544	Nederland	2750405	0
15544	Utrecht	2745912	0
15544	Kanaleneiland	2753082	0
141754	Florida	4155751	1
141754	Tampa	4174757	0
141754	Florida	4155751	0
141754	Florida	4155751	0
141754	Spanje	2510769	0
141754	VS	6252001	0
141754	Florida	4155751	0
141754	Verenigde Staten	6252001	0
231740	VS	6252001	1
231740	VS	6252001	0
231740	West Virginia	4826850	0
231740	West Virginia	4826850	0
239908	Nederland	2750405	0
239908	Krim	703883	0
239908	Nederland	2750405	0
239908	Nederland	2750405	0
239908	Nederland	2750405	0
239908	Nederland	2750405	0
239908	Nederland	2750405	0
239908	Nederland	2750405	0
239908	Kaaimaneilanden	3580718	0
239908	Cyprus	146669	0
44203	Z-Afrika	953987	1
44203	Zuid-Afrika	953987	0
44203	Marikana	11204123	0
44203	Marikana	11204123	0
44203	Zuid-Afrika	953987	0
44203	Marikana	11204123	0
213855	Noordrijn-Westfalen	2861876	0
213855	Wit-Rusland	630336	0
213855	Minsk	625144	0
213855	Litouwen	597427	0
213855	Wit-Rusland	630336	0
177778	Brazilie	3469034	1
177778	São Paulo	3448439	0
177778	Rio de Janeiro	3451190	0
177778	Brazilie	3469034	0
183003	Utrecht	2745911	1
183003	Utrecht	2745911	0
78584	Rijn	2748179	1
78584	Keulen	2886242	1
78584	Keulen	2886242	0
78584	Rijn	2748179	0
78584	Keulen	2886242	0
78584	Rijn	2748179	0
51037	R'daal	2747930	1
51037	Roosendaal	2747930	0
93827	Nederland	2750405	0
93827	Nederland	2750405	0
93827	Nederland	2750405	0
93827	Veluwe	2745666	0
93827	Limburg	2751596	0
93827	Venray	2745633	0
93827	Barneveld	2759406	0
93827	Ede	2756428	0
93827	Hekendorp	2754490	0
93827	Ter Aar	2746478	0
93827	Kamperveen	2753092	0
93827	Gelderse Vallei	2755622	0
93827	Duitsland	2921044	0
93827	Verenigd Koninkrijk	2635167	0
93827	Duitsland	2921044	0
93827	Verenigd Koninkrijk	2635167	0
93827	Afrika	6255146	0
93827	EU	6695072	0
224559	Nederland	2750405	0
14112	Tunesie	2464461	1
14112	Tunesie	2464461	0
14112	Tunesie	2464461	0
14112	Tunesie	2464461	0
221533	Bangladesh	1210997	0
221533	Brazilie	3469034	0
221533	Colombia	3686110	0
221533	Indonesie	1643084	0
221533	Sri Lanka	1227603	0
221533	Nederland	2750405	0
221533	Sri Lanka	1227603	0
193286	Zuid-Afrika	953987	1
193286	Zuid-Afrika	953987	0
193286	Zuid-Afrika	953987	0
193286	Zuid-Afrika	953987	0
193286	Westkaap	1085599	0
113176	Nederland	2750405	0
133939	Nederland	2750405	0
133939	Nederland	2750405	0
133939	Groot-Brittannie	2648147	0
15832	Libie	2215636	1
15832	VS	6252001	0
15832	Libie	2215636	0
15832	Tripoli	2210247	0
15832	VS	6252001	0
15832	Libie	2215636	0
15832	EU	6695072	0
24181	Ierland	2963597	0
24181	Noord-Ierland	2641364	0
24181	Ierland	2963597	0
24181	Noord-Ierland	2641364	0
114825	Eindhoven	2756253	0
114825	Den Bosch	2747351	0
12533	Nederland	2750405	0
12533	Europa	6255148	0
243514	Gibraltar	2411586	1
243514	Gibraltar	2411586	0
111437	Noord-	1873107	1
111437	Zuid-Korea	1835841	1
111437	Noord-	1873107	0
111437	Zuid-Korea	1835841	0
111437	Panmunjom	6942135	0
111437	Noord-Korea	1873107	0
111437	Pyongyang	1871859	0
27969	Griekenland	390903	0
27969	Griekenland	390903	0
169895	Nederland	2750405	0
169895	Oekraïne	690791	0
169895	Oekraïne	690791	0
169895	Nederland	2750405	0
169895	Oekraïne	690791	0
169895	Nederland	2750405	0
169895	Nederland	2750405	0
169895	Oekraïne	690791	0
169895	Oekraïne	690791	0
169895	Nederland	2750405	0
169895	Nederland	2750405	0
169895	Terneuzen	2746420	0
169895	Amsterdam	2759794	0
169895	Nederland	2750405	0
169895	Tblisi	611717	0
169895	Georgie	614540	0
169895	Georgie	614540	0
169895	Odessa	698740	0
169895	Oekraïne	690791	0
169895	Polen	798544	0
169895	Oekraïne	690791	0
169895	Oekraïne	690791	0
169895	Georgie	614540	0
169895	Polen	798544	0
169895	Nederland	2750405	0
169895	Nederland	2750405	0
169895	Terneuzen	2746420	0
169895	Georgie	614540	0
169895	Nederland	2750405	0
169895	Oekraïene	690791	0
169895	Nederland	2750405	0
188049	Brazilie	3469034	1
188049	Brazilie	3469034	0
188049	Brazilie	3469034	0
188049	Europa	6255148	0
188049	Zuid-Amerika	6255150	0
188049	Brazilie	3469034	0
39998	New York	5128581	0
39998	Amerika	6252001	0
140440	Amerika	6252001	0
140440	Mexico	3996063	0
39514	Sierra Leone	2403846	0
39514	Liberia	2275384	0
39514	Sierra Leone	2403846	0
39514	Liberia	2275384	0
39514	Sierra Leone	2403846	0
44869	Haren	2754841	1
44869	Haren	2754841	0
44869	Haren	2754841	0
231220	La Palma	2515680	1
231220	Cumbre Vieja	2509638	0
231220	La Palma	2515680	0
231220	La Palma	2515680	0
231220	La Palma	2515680	0
231220	Nederland	2750405	0
183182	Brussel	2800866	0
183182	EU	6695072	0
183182	Benelux	6692168	0
183182	Duitsland	2921044	0
183182	Nederland	2750405	0
183182	Europa	6255148	0
88976	Baltische staten	12217934	1
88976	Baltische staten	12217934	0
88976	Estland	453733	0
88976	Letland	458258	0
88976	Litouwen	597427	0
88976	Rusland	2017370	0
88976	Oekraïne	690791	0
88976	Nederland	2750405	0
88976	Polen	798544	0
88976	Vilnius	593116	0
88976	Baltische staten	12217934	0
88976	Estland	453733	0
88976	Letland	458258	0
88976	Litouwen	597427	0
88976	Rusland	2017370	0
88976	Georgië	614540	0
88976	Rusland	2017370	0
88976	Baltische staten	12217934	0
88976	West-Europa	9408659	0
88976	Baltische staten	12217934	0
88976	Rusland	2017370	0
88976	Estland	453733	0
88976	Estland	453733	0
88976	Estland	453733	0
88976	Letland	458258	0
88976	Rusland	2017370	0
88976	Europa	6255148	0
88976	Rusland	2017370	0
248793	Schiphol	6296680	1
248793	Schiphol	6296680	0
248793	Schiphol	6296680	0
248793	Schiphol	6296680	0
248793	Schiphol	6296680	0
248793	Schiphol	6296680	0
248793	Schiphol	6296680	0
248793	Schiphol	6296680	0
248793	Schiphol	6296680	0
248793	Schiphol	6296680	0
248793	Schiphol	6296680	0
248793	Schiphol	6296680	0
248793	Schiphol	6296680	0
248793	Schiphol	6296680	0
248793	Schiphol	6296680	0
248793	Schiphol	6296680	0
121749	Apeldoorn	2759706	1
121749	Apeldoorn	2759706	0
121749	Deventer	2756987	0
24799	Hongkong	1819729	1
24799	Hongkong	1819729	0
24799	Hongkong	1819729	0
24799	Filipijnen	1694008	0
17632	Nigeria	2328926	1
17632	Nigeria	2328926	0
17632	Nigeria	2328926	0
187970	Wisconsin	5279468	0
200218	Den Haag	2747372	0
200218	Nederland	2750405	0
238065	Rusland	2017370	1
238065	Oekraïne	690791	0
238065	Moskou	524901	0
238065	Donbas-regio	709718	0
238065	Rusland	2017370	0
238065	Rusland	2017370	0
238065	Oekraïne	690791	0
238065	Rusland	2017370	0
238065	Kiev	703448	0
238065	Oekraïne	690791	0
238065	Kiev	703448	0
238065	Oekraïne	690791	0
238065	Kiev	703448	0
238065	Basjtanka	712775	0
238065	Oekraïne	690791	0
238065	Verenigde Staten	6252001	0
238065	Rusland	2017370	0
238065	Oekraïne	690791	0
238065	Rusland	2017370	0
238065	Rusland	2017370	0
238065	Kiev	703448	0
238065	Rusland	2017370	0
238065	Odessa	698740	0
238065	Donbas-regio	709718	0
238065	Rusland	2017370	0
238065	Marioepol	701822	0
238065	Donetsk	709716	0
238065	Rusland	2017370	0
238065	Krim	703884	0
238065	Rusland	2017370	0
238065	Marioepol	701822	0
238065	Marioepol	701822	0
238065	Marioepol	701822	0
238065	Charkov	706483	0
238065	Donbas	709718	0
238065	Rusland	2017370	0
238065	Donbas	709718	0
238065	Rusland	2017370	0
238065	Oekraïne	690791	0
238065	Oekraïne	690791	0
238065	Rusland	2017370	0
238065	Kiev	703448	0
238065	Donbas	709718	0
238065	Krim	703884	0
238065	Rusland	2017370	0
238065	Donetsk	709716	0
238065	Loehansk	702658	0
238065	Krim	703884	0
238065	Oekraïne	690791	0
172629	Amsterdam	2759794	0
172629	Hilversum	2754064	0
172629	Hilversum	2754064	0
172629	Amsterdam	2759794	0
172629	Hilversum	2754064	0
172629	Amsterdam	2759794	0
32415	Z-Korea	1835841	1
32415	Noord-Korea	1873107	0
32415	Noord-Korea	1873107	0
32415	Noord-Korea	1873107	0
105060	Thailand	1605651	0
105060	Maleisië	1733045	0
105060	Birma	1327865	0
105060	Maleisië	1733045	0
105060	Maleisië	1733045	0
105060	Birma	1327865	0
105060	Bangladesh	1210997	0
105060	Maleisië	1733045	0
105060	Indonesie	1643084	0
163828	Berlijn	2950159	0
163828	Duitsland	2921044	0
173436	VS	6252001	0
173436	EU	6695072	0
173436	Nederland	2750405	0
173436	Europa	6255148	0
82730	Japan	1861060	1
82730	Tokio	1850147	0
82730	Japan	1861060	0
82730	Fukushima	2112923	0
82730	Japan	1861060	0
82730	Japan	1861060	0
142983	Aleppo	170062	1
142983	Aleppo	170062	0
185095	Somalie	51537	0
185095	Galkayo	59611	0
185095	Somalie	51537	0
54079	Rotterdam	2747891	1
54079	Rotterdam	2747891	0
54079	Rotterdam	2747891	0
126632	Brussel	2800866	1
126632	Brussel	2800866	0
126632	Maastricht	2751283	0
126632	Brussel	2800866	0
126632	New York	5128581	0
126632	Zaventem	6296486	0
126632	Brussel	2800866	0
109026	Aleppo	170063	1
109026	Aleppo	170063	0
109026	Syrië	163843	0
109026	Aleppo	170063	0
109026	Syrië	163843	0
109026	Aleppo	170063	0
109026	Palmyra	163808	0
25803	NAVO	6695079	1
25803	Kosovo	831053	1
25803	Kosovo	831053	0
25803	Kosovo	831053	0
25803	Kosovo	831053	0
25803	Noord-Kosovo	10242943	0
25803	Pristina	786714	0
25803	Kosovo	831053	0
25803	Servie	6290252	0
25803	Brnjak	792265	0
25803	Jarinje	834414	0
25803	Kosovo	831053	0
25803	Kosovo	831053	0
25803	Servie	6290252	0
25803	Pristina	786714	0
68130	VS	6252001	1
68130	Arizona	5551752	0
68130	Yarnell	5321849	0
167986	Verenigd Koninkrijk	2635167	0
238383	Nederland	2750405	1
238383	Nederland	2750405	0
238383	Belgie	2802361	0
238383	Groot-Brittannie	2635167	0
238383	Nederland	2750405	0
238383	Belgie	2802361	0
238383	Groot-Brittannie	2635167	0
238383	Belgie	2802361	0
238383	Nederland	2750405	0
238383	Nederland	2750405	0
220042	Rijn	2748179	0
220042	Arnhem	2759661	0
220042	Egypte	357994	0
220042	Israël	294640	0
159623	Barcelona	3128760	1
159623	Alcanar	3130608	0
159623	Barcelona	3128760	0
159623	Barcelona	3128760	0
159623	Cambrils	3126888	0
159623	Cambrils	3126888	0
159623	Barcelona	3128760	0
159623	Catalonie	3336901	0
159623	Barcelona	3128760	0
159623	Ripoll	3111607	0
159623	Barcelona	3128760	0
159623	Ripoll	3111607	0
159623	Vic	3106050	0
159623	Barcelona	3128760	0
159623	Ripoll	3111607	0
159623	Ramblas	6457275	0
159623	Barcelona	3128760	0
159623	Spanje	2510769	0
66086	Nederland	2750405	0
66086	Friesland	2755812	0
66086	Overijssel	2748838	0
66086	Flevoland	3319179	0
66086	Gelderland	2755634	0
66086	Utrecht	2745909	0
66086	Noord-Holland	2749879	0
66086	Drenthe	2756631	0
252586	Nederland	2750405	0
252586	de Veluwe	2757527	0
252586	Universiteit Twente	7303567	0
252586	Universiteit van Amsterdam	6944498	0
252586	Nederland	2750405	0
252586	Nederland	2750405	0
252586	Nederland	2750405	0
96164	Vriezenveen	2745182	1
96164	Vriezenveen	2745182	0
96164	Vriezenveen	2745182	0
96164	Westerhaar	2744741	0
135049	Londen	2643743	0
154097	Groningen	2755251	0
154097	Amsterdam	2759794	0
154097	Amsterdam	2759794	0
122193	Polsbroek	2748513	0
122193	Barneveld	2759407	0
122193	Barneveld	2759407	0
122193	Bornerbroek	2758595	0
124923	Raqqa	172955	1
124923	Ma'dan	167538	0
124923	Raqqa	172955	0
124923	Raqqa	172955	0
124923	Syrie	163843	0
113677	Dierenpark Amersfoort	6954192	0
113677	Alpe d'Huez	3008406	0
113677	Frankrijk	3017382	0
223425	Utrecht	2745912	1
223425	Utrecht	2745912	0
223425	Gramsbergen	2755371	0
223425	Nieuwegein	2750325	0
161308	Zwolle	2743477	1
161308	Zwolle	2743477	0
82972	Breda	2758401	1
82972	Breda	2758401	0
82972	Duitsland	2921044	0
82972	Breda	2758401	0
71277	VS	6252001	1
71277	Verenigde Staten	6252001	0
71277	Illinois	4896861	0
71277	New Minden	4245616	0
71277	Michigan	5001836	0
71277	Chicago	4887398	0
202051	Belgie	2802361	1
202051	Bekegem	2802380	0
202051	Brugge	2800931	0
202051	Bekegem	2802380	0
202051	Wallonie	3337387	0
202051	Frankrijk	3017382	0
109698	Jemen	69543	1
109698	Caïro	360630	1
109698	Jemen	69543	0
109698	Caïro	360630	0
109698	Verenigde Staten	6252001	0
109698	Groot-Brittannie	2635167	0
109698	Verenigde Arabische Emiraten	290557	0
109698	Jemen	69543	0
109698	Jemen	69543	0
109698	Saudi-Arabië	102358	0
169997	Turkije	298795	0
169997	Jerevan	616052	0
169997	Turkije	298795	0
169997	Turkije	298795	0
169997	Turkije	298795	0
169997	Turkije	298795	0
169997	Anatolie	323835	0
169997	Turkije	298795	0
169997	Turkije	298795	0
169997	Turkije	298795	0
169997	Turkije	298795	0
169997	Europa	6255148	0
169997	Amerika	6252001	0
169997	Turkije	298795	0
169997	Den Haag	2747373	0
169997	Nederland	2750405	0
169997	Turkije	298795	0
169997	Europa	6255148	0
169997	Turkije	298795	0
169997	Berlijn	2950159	0
169997	Duitsland	2921044	0
169997	Turkije	298795	0
169997	Armenië	174982	0
169997	Frankrijk	3017382	0
169997	Frankrijk	3017382	0
169997	West-Europa	9408659	0
169997	Turkije	298795	0
169997	Nederland	2750405	0
169997	Nederland	2750405	0
169997	Turkije	298795	0
169997	Nederland	2750405	0
169997	Turkije	298795	0
40086	Groot-Brittannie	2635167	0
40086	Groot-Brittannie	2635167	0
40086	Engeland	6269131	0
40086	Engeland	6269131	0
40086	Schotland	2638360	0
40086	Groot-Brittannie	2635167	0
87670	Noord-Ierland	2641364	0
87670	Belfast	2655984	0
233745	Nederland	2750405	0
184147	Utrecht	2745912	0
129374	Enschede	2756071	0
129374	Apeldoorn	2759706	0
129374	Enschede	2756071	0
129374	Wilp	2744373	0
129374	Borne	2758598	0
28868	Congo	203312	1
28868	Congo	203312	0
69992	Londen	2643743	1
69992	Groot-Brittannie	2635167	0
69992	Londen	2643743	0
69992	Londen	2643743	0
69992	Groot-Brittannie	2635167	0
69992	Londen	2643743	0
69992	Dubai	292223	0
250086	Krimpen aan den IJssel	2752263	1
250086	Krimpen aan den IJssel	2752263	0
133490	Kerkrade	2752923	1
133490	Kerkrade	2752923	0
71290	Jakarta	1642911	1
71290	Indonesie	1643084	0
71290	Australie	2077456	0
71290	Australie	2077456	0
71290	VS	6252001	0
30575	Manchester	2643123	0
201545	Brazilie	3469034	1
201545	Brazilie	3469034	0
201545	Saudi-Arabië	102358	0
201545	Brazilie	3469034	0
201545	Brazilie	3469034	0
201545	Brazilie	3469034	0
201545	Brazilie	3469034	0
201545	Qatar	289688	0
201545	Ecuador	3658394	0
201545	Brazilie	3469034	0
201545	Ecuador	3658394	0
201545	Ecuador	3658394	0
201545	Qatar	289688	0
201545	Qatar	289688	0
201545	Saudi-Arabië	102358	0
201545	Saudi-Arabië	102358	0
201545	Irak	99237	0
201545	Iran	130758	0
201545	Verenigde Arabische Emiraten	290557	0
201545	Koeweit	285570	0
201545	Venezuela	3625428	0
201545	Rusland	2017370	0
201545	VS	6252001	0
201545	Rusland	2017370	0
201545	Wenen	2761369	0
27954	Bodegraven	2758765	0
27954	Bodegraven	2758765	0
31886	Europa	6255148	0
31886	Rusland	2017370	0
31886	Moskou	524901	0
31886	Moskou	524901	0
31886	Rusland	2017370	0
69375	Duitsland	2921044	1
69375	Duitsland	2921044	0
69375	Berlijn	2950159	0
69375	Europese Unie	6695072	0
69375	Oekraïne	690791	0
69375	Oekraïne	690791	0
69375	EU	6255148	0
58735	Pakistan	1168579	1
58735	Pakistan	1168579	0
58735	Karachi	1174872	0
58735	Karachi	1174872	0
58735	Karachi	1174872	0
58735	Pakistan	1168579	0
58735	Pakistan	1168579	0
241161	Belgie	2802361	1
241161	Belgie	2802361	0
241161	Congo	203312	0
241161	Belgie	2802361	0
241161	Congo	203312	0
241161	Belgie	2802361	0
241161	Brussel	2800866	0
241161	Congo	203312	0
241161	Congo	203312	0
241161	Kisangani	212730	0
241161	Kinshasa	2314302	0
73766	New York	5128581	0
73766	Jemen	69543	0
73766	Verenigde Staten	6252001	0
73766	San Diego	5391811	0
73766	Washington	4140963	0
136860	Leeuwarden	2751792	0
136860	Harlingervaart	2754815	0
149349	Portugal	2264397	0
149349	Guinee-Bissau	2372248	0
149349	Almere	2759879	0
149349	Lissabon	2267057	0
160791	Saint-Rémy-de-Provence	2977214	0
160791	Saint-Pierre-d Oléron	2977471	0
160791	Bordeaux	3031582	0
160791	Frankrijk	3017382	0
160791	Parijs	2988507	0
160791	Parijs	2988507	0
76257	Syrie	163843	1
76257	Syrie	163843	0
76257	Latakia	173576	0
76257	Rusland	2017370	0
69569	Goblin Valley-park	5539635	0
69569	Utah	5549030	0
11546	Marokko	2542007	0
245952	Cherson	706448	1
245952	Oekraïne	690791	1
245952	Cherson	706448	0
245952	Oekraïne	690791	0
245952	Cherson	706448	0
245952	Cherson	706448	0
245952	Rusland	2017370	0
245952	Cherson	706448	0
245952	Oekraïne	690791	0
245952	Cherson	706448	0
245952	Zaporizja	687700	0
245952	Boetsja	711350	0
245952	Izjoem	707292	0
245952	Rusland	2017370	0
42895	Rotterdam	2747891	0
42895	Havelte	2754752	0
42895	Nederland	2750405	0
8615	Arnhem	2759661	1
8615	Rijn	2748179	0
8615	Arnhem	2759661	0
8615	Den Haag	2747373	0
175023	TU Eindhoven	6954607	0
132564	Nederland	2750405	0
132564	Syrië	163843	0
132564	Sudan	366755	0
132564	Congo	203312	0
132564	Nederland	2750405	0
132564	Nederland	2750405	0
132564	Noorwegen	3144096	0
132564	Duitsland	2921044	0
132564	Nederland	2750405	0
132564	Verenigde Staten	6252001	0
132564	VS	6252001	0
139202	San Francisco	5391959	1
139202	San Francisco	5391959	0
139202	San Francisco	5391959	0
139202	San Francisco	5391959	0
139202	San Andreasbreuk	5391617	0
139202	San Francisco	5391959	0
139202	San Francisco	5391959	0
56445	Disneyland Parijs	6355139	0
56445	Parijs	2988507	0
185762	Scheveningen	2747599	1
185762	Scheveningen	2747599	0
207997	Brazilie	3469034	1
207997	Venezuela	3625428	0
207997	Caracas	3646738	0
207997	Brazilie	3469034	0
207997	São Paulo	3448439	0
207997	Colombia	3686110	0
207997	Mexico	3996063	0
207997	China	1814991	0
207997	China	1814991	0
207997	Johns Hopkins University	4359528	0
84286	Tilburg	2746301	1
84286	Friesland	2755812	1
84286	Tilburg	2746301	0
84286	Tilburg	2746301	0
84286	Engeland	6269131	0
84286	Friesland	2755812	0
84286	Leeuwarden	2751792	0
84286	Groningen	2755249	0
84286	Drenthe	2756631	0
84286	Friesland	2755812	0
98282	Holten	2753874	0
98282	Overijssel	2748838	0
98282	Hengelo	2754394	0
98282	Apeldoorn	2759706	0
233808	Duitsland	2921044	0
233808	Nedersaksen	2862926	0
233808	Nederland	2750405	0
233808	Gronau	2917138	0
233808	Frankfurt	2925533	0
233808	Nederland	2750405	0
233808	Duitsland	2921044	0
233808	Oostenrijk	2782113	0
233808	Europa	6255148	0
233808	Nederland	2750405	0
213039	EU	6255148	0
213039	Nederland	2750405	0
213039	Nederland	2750405	0
213039	Italië	3175395	0
213039	Europa	6255148	0
213039	Spanje	2510769	0
213039	Italië	3175395	0
213039	Portugal	2264397	0
213039	Europa	6255148	0
213039	Nederland	2750405	0
213039	Europa	6255148	0
213039	Europa	6255148	0
213039	Nederland	2750405	0
213039	Polen	798544	0
213039	Hongarije	719819	0
213039	Nederland	2750405	0
247209	Amsterdam	2759794	1
247209	Guinee	2420477	1
247209	Guinee	2420477	0
247209	Amsterdam	2759794	0
247209	België	2802361	0
247209	Sint-Gillis	2787413	0
247209	Brussel	2800866	0
247209	België	2802361	0
247209	Guinee	2420477	0
247209	Broek in Waterland	2758258	0
247209	Amsterdam	2759794	0
26217	Washington	4140963	0
26217	Europa	6255148	0
26217	Frankrijk	3017382	0
26217	Griekenland	390903	0
232643	Kabul	1138958	1
232643	Qatar	289688	0
232643	Afghanistan	1149361	0
232643	Qatar	289688	0
232643	Doha	290030	0
232643	Qatar	289688	0
232643	Kabul	1138958	0
232643	Doha	290030	0
232643	Nederland	2750405	0
232643	Nederland	2750405	0
232643	Nederland	2750405	0
232643	Doha	290030	0
232643	Den Haag	2747373	0
232643	Kabul	1138958	0
232643	Nederland	2750405	0
232643	Nederland	2750405	0
232643	Afghanistan	1149361	0
232643	Nederland	2750405	0
232643	Afghanistan	1149361	0
232643	Afghanistan	1149361	0
232643	Nederland	2750405	0
22922	Schotland	2638360	1
22922	Schotland	2638360	0
22922	Schotland	2638360	0
22922	Lockerbie	2643791	0
22922	Libie	2215636	0
22922	VS	6252001	0
22922	Tripoli	2210247	0
159161	Guam	4043988	1
159161	Guam	4043988	0
159161	Filipijnen	1694008	0
159161	Pyongyang	1871859	0
159161	Noord-Korea	1873107	0
159161	Guam	4043988	0
159161	Guam	4043988	0
159161	Guam	4043988	0
159161	Guam	4043988	0
159161	Washington	4140963	0
159161	Guam	4043988	0
159161	Guam	4043988	0
159161	Guam	4043988	0
159161	Verenigde Staten	6252001	0
159161	Noord-Korea	1873107	0
159161	Guam	4043988	0
159161	Universiteit van Guam	4038749	0
159161	Guam	4043988	0
159161	Stille Oceaan	2363254	0
159161	Verenigde Staten	6252001	0
159161	China	1814991	0
159161	Japan	1861060	0
159161	Filipijnen	1694008	0
159161	Koreaanse schiereiland	11494804	0
159161	Verenigde Staten	6252001	0
159161	Verenigde Staten	6252001	0
159161	Verenigde Staten	6252001	0
159161	Amerika	6252001	0
159161	Japan	1861060	0
159161	Zuid-Korea	1835841	0
159161	Guam	4043988	0
159161	Noord-Korea	1873107	0
159161	Japan	1861060	0
159161	Zuid-Korea	1835841	0
159161	Guam	4043988	0
159161	Noord-Korea	1873107	0
159161	Noord-Korea	1873107	0
159161	Yonsei Universiteit	6800734	0
159161	Seoul	1835848	0
18336	Alkmaar	2759899	0
149697	VS	6252001	1
149697	Verenigde Staten	6252001	0
149697	Virginia	6254928	0
149697	Richmond	4781708	0
149697	Virginia	6254928	0
178975	Nederland	2750405	0
66444	Sneek	2747063	0
177575	Schiphol	6296680	1
177575	Schiphol	6296680	0
177575	Schiphol	6296680	0
177575	Schiphol	6296680	0
177575	Schiphol	6296680	0
10148	Gorinchem	2755434	0
43511	Den Bosch	2747351	0
43511	Nederland	2750405	0
43511	Verenigde Staten	6252001	0
135609	Siena	3166548	0
147419	Groningen	2755251	0
147419	Groningen	2755251	0
147419	Groningen	2755251	0
223690	Gent	2797656	1
223690	Gent	2797656	0
223690	België	2802361	0
223690	Leuven	2792482	0
129357	India	1269750	0
129357	Bhutan	1252634	0
129357	Taj Mahal	1255231	0
129357	India	1269750	0
129357	Schotland	2638360	0
129357	Westminster Abbey	6618996	0
129357	Londen	2643743	0
52553	Athene	264371	1
52553	Athene	264371	0
52553	Athene	264371	0
49829	Mali	2453866	1
49829	Mali	2453866	0
49829	Mali	2453866	0
49829	Mali	2453866	0
49829	Frankrijk	3017382	0
49829	Mali	2453866	0
90569	Rusland	2017370	1
90569	Kiev	703448	1
90569	Rusland	2017370	0
90569	Oekraïne	690791	0
90569	Oekraïne	690791	0
90569	Rusland	2017370	0
90569	Loegansk	702658	0
90569	Donetsk	709717	0
90569	Rusland	2017370	0
90569	Moskou	524901	0
90569	Rusland	2017370	0
90569	Oekraïne	690791	0
90569	Oekraïne	690791	0
90569	Moskou	524901	0
128917	Maastricht	2751282	0
54666	Den Haag	2747373	0
54666	Brussel	2800866	0
54666	Amsterdam	2759794	0
54666	Brussel	2800866	0
54666	Brussel	2800866	0
54666	Nederland	2750405	0
54666	Belgie	2802361	0
10214	A'dam	2759793	1
10214	Amsterdam	2759794	0
161295	Parijs	2988507	1
161295	Charles de Gaulle	6269554	0
161295	Londen	2643743	0
241840	het Capitool	4140827	0
241840	het Capitool	4140827	0
241840	het Capitool	4140827	0
43344	Venlo	2745641	1
43344	Venlo	2745641	0
72712	Flevoland	3319179	0
72712	Utrecht	2745909	0
72712	Noord-Holland	2749879	0
72712	Utrecht	2745909	0
72712	Noord-Holland	2749879	0
72712	Flevoland	3319179	0
82108	Griekenland	390903	0
82108	Athene	264371	0
82108	Griekenland	390903	0
93670	New York	5128638	1
93670	New York	5128638	0
93670	Buffalo	5110629	0
93670	Verenigde Staten	6252001	0
93670	New York	5128638	0
93670	Buffalo	5110629	0
93670	VS	6252001	0
93670	VS	6252001	0
50854	NY	5128581	1
50854	New York	5128581	0
50854	Queens	5133273	0
50854	Times Square	5141023	0
210535	Gorredijk	2755429	1
210535	Gorredijk	2755429	0
46359	Beiroet	276781	1
46359	Beiroet	276781	0
46359	Syrie	163843	0
46359	Beiroet	276781	0
46359	Libanon	272103	0
46359	Syrie	163843	0
46359	Libanon	272103	0
46359	Tripoli	266826	0
176090	Den Haag	2747373	1
176090	Den Haag	2747373	0
176090	Nederland	2750405	0
176090	Nederland	2750405	0
176090	Azië	6255147	0
176090	Groot-Brittannië	2635167	0
176090	Texas	4736286	0
176090	Den Haag	2747373	0
183539	Istanbul	745044	0
183539	het Witte Huis	4140704	0
183539	Saudi-Arabië	102358	0
183539	Turkije	298795	0
43342	VS	6252001	1
43342	Los Angeles	5368361	0
43342	Santa Monica	5393212	0
43342	Californie	5332921	0
47251	Rotterdam	2747891	0
47251	Nederland	2750405	0
47251	Kaapverdië	3374766	0
47251	Kaapstad	3369157	0
47251	Australie	2077456	0
47251	Nieuw-Zeeland	2186224	0
47251	Antarctica	6255152	0
47251	Rotterdam	2747891	0
238825	Roelofarendsveen	2748006	1
238825	Roelofarendsveen	2748006	0
238825	Zuid-Holland	2743698	0
238825	Roelofarendsveen	2748006	0
124004	Assen	2759633	0
124004	Emmen	2756136	0
124004	Emmen	2756136	0
34745	Syrië	163843	0
34745	Syrië	163843	0
90556	Oekraïne	690791	1
90556	Oekraïne	690791	0
90556	Donetsk	709717	0
90556	Donetsk	709717	0
90556	Donetsk	709717	0
157281	Zuid-Korea	1835841	0
157281	Zuid-Korea	1835841	0
221146	Artis	6951705	1
221146	Frankrijk	3017382	1
221146	Artis	6951705	0
221146	Amsterdam	2759794	0
221146	Frankrijk	3017382	0
221146	Artis	6951705	0
221146	Artis	6951705	0
221146	Artis	6951705	0
221146	Artis	6951705	0
221146	Diergaarde Blijdorp	6640024	0
227022	Sint-Eustatius	3513232	1
227022	Sint-Eustatius	3513232	0
227022	Oranjestad	3577154	0
227022	Caraïbisch gebied	7729891	0
227022	Sint-Eustatius	3513232	0
227022	Sint-Eustatius	3513232	0
227022	Nederland	2750405	0
227022	Caribisch gebied	7729891	0
227022	West-Afrika	7729885	0
227022	Sint-Eustatius	3513232	0
227022	Nederland	2750405	0
227022	Rijksmuseum	6884785	0
227022	Nederland	2750405	0
69868	Réunion	935316	0
69868	Réunion	935316	0
69868	Indische Oceaan	1545739	0
178960	Nederland	2750405	1
178960	Nederland	2750405	0
178960	Zaanstad	2744114	0
178960	Zaanstad	2744114	0
178960	Arcen	2759684	0
178960	Westdorpe	2744800	0
178960	Arcen	2759684	0
178960	Groningen	2755251	0
178960	Leeuwarden	2751792	0
178960	Boxmeer	2758462	0
178960	Venlo	2745641	0
178960	Groningen	2755251	0
178960	Groningen	2755251	0
178960	Veendam	2745783	0
178960	Zuidbroek	2743800	0
178960	Veendam	2745783	0
178960	Nederland	2750405	0
178960	Westdorpe	2744800	0
178960	Nederland	2750405	0
178960	Nederland	2750405	0
178960	Nederland	2750405	0
178960	Westdorpe	2744800	0
178960	Nederland	2750405	0
178960	Lauwersoog	2751849	0
178960	Westdorpe	2744800	0
178960	Nederland	2750405	0
178960	Nederland	2750405	0
178960	Stavoren	2746816	0
178960	Schiphol	6296680	0
178960	Hoek van Holland	2754007	0
178960	Westdorpe	2744800	0
178960	Vlieland	2745420	0
178960	Nederland	2750405	0
178960	Belgie	2802361	0
178960	Frankrijk	3017382	0
178960	Duitsland	2921044	0
178960	Groot-Brittannië	2648147	0
178960	Amsterdam	2759794	0
178960	Groningen	2755251	0
178960	Friesland	2755812	0
178960	Gilze-Rijen	2755506	0
178960	Westdorpe	2744800	0
178960	Zeeuws-Vlaanderen	2744000	0
178960	De Bilt	2757783	0
178960	Utrecht	2745912	0
178960	Nederland	2750405	0
178960	station Roermond	6639585	0
178960	Roermond	2748000	0
178960	Sittard	2747203	0
178960	Nederland	2750405	0
178960	Amersfoort	2759820	0
178960	de Eem	2756400	0
178960	Friesland	2755812	0
178960	Valkenburg	2745874	0
178960	Enschede	2756071	0
178960	Enschede	2756071	0
178960	Oldebroek	2749668	0
178960	Oosterzee	2749385	0
178960	Flevoland	3319179	0
178960	Flevoland	3319179	0
178960	Nederland	2750405	0
178960	Terneuzen	2746420	0
178960	Amsterdam-Rijnkanaal	2759788	0
178960	Noordzeekanaal	2749803	0
178960	IJmuiden	2753376	0
178960	IJmuiden	2753376	0
178960	Noordzeekanaal	2749803	0
178960	Amsterdam-Rijnkanaal	2759788	0
178960	Dordrecht	2756669	0
178960	Zeeland	2744011	0
178960	Groningen	2755251	0
178960	Den Haag	2747373	0
178960	Renkum	2748236	0
178960	Nederland	2750405	0
178960	De Bilt	2757783	0
178960	Maastricht	2751283	0
178960	De Bilt	2757783	0
178960	Ter Aar	2746478	0
178960	Zuid-Holland	2743698	0
178960	Assendelft	2759631	0
178960	Noord-Holland	2749879	0
178960	Ter Aar	2746478	0
178960	Assendelft	2759631	0
178960	Nederland	2750405	0
178960	Zuid-Holland	2743698	0
178960	Noord-Holland	2749879	0
178960	Noord-Brabant	2749990	0
178960	Rotterdam	2747891	0
178960	Rotterdam	2747891	0
205673	Den Haag	2747373	0
101839	Parijs	2988507	0
101839	Sisteron	2974446	0
122675	Spanje	2510769	0
122675	Londen	2643743	0
122675	Glasgow	2648579	0
122675	Spanje	2510769	0
26554	Europa	6255148	0
120841	Denemarken	2623032	0
120841	Zweden	2661886	0
120841	Denemarken	2623032	0
120841	Scandinavië	2614165	0
120841	Denemarken	2623032	0
120841	Parijs	2988507	0
120841	Frankrijk	3017382	0
120841	Zweden	2661886	0
120841	Denemarken	2623032	0
120841	EU	6255148	0
120841	Calais	3029162	0
120841	Kanaaltunnel	6619362	0
120841	Groot-Brittannie	2635167	0
120841	Calais	3029162	0
210274	Rotterdam	2747890	1
210274	Rotterdam	2747890	0
191655	Harderwijk	2754848	1
191655	Harderwijk	2754848	0
191655	Zeewolde	2743997	0
191655	Harderwijk	2754848	0
24227	Berlijn	2950159	1
24227	Berlijn	2950159	0
35982	Afghanistan	1149361	1
35982	Afghanistan	1149361	0
35982	Brussel	2800866	0
35982	Afghanistan	1149361	0
35982	NAVO	6695079	0
35982	Chicago	4887398	0
35982	Afghanistan	1149361	0
35982	Afghanistan	1149361	0
35982	Chicago	4887398	0
35982	Verenigde Staten	6252001	0
35982	Brussel	2800866	0
35982	Rusland	2017370	0
35982	China	1814991	0
35982	Afghanistan	1149361	0
35982	Verenigde Staten	6252001	0
35982	Nederland	2750405	0
35982	Afghanistan	1149361	0
35982	Nederland	2750405	0
65085	Rusland	2017370	0
65085	Sotsji	491422	0
65085	Rusland	2017370	0
65085	Sotsji	491422	0
65085	Sotsji	491422	0
193857	Nürburgring	3207852	0
193857	Spanje	2510769	0
186654	Times Square	5141023	0
238270	Oekraïne	690791	0
238270	Kiev	703448	0
95538	Oklahoma	4544379	1
95538	Oklahoma	4544379	0
95538	Oklahoma	4544379	0
95538	Oklahoma	4544379	0
95538	Oklahoma	4544379	0
247459	Oekraïne	690791	0
247459	Kiev	703448	0
247459	Oekraïne	690791	0
166750	Lelystad Airport	6296688	0
166750	Lelystad	2751738	0
166750	Schiphol	6296680	0
166750	Schiphol	6296680	0
167222	Egypte	357994	1
167222	Egypte	357994	0
167222	Helwan	355795	0
167222	Caïro	360630	0
167222	Egypte	357994	0
167222	Midden-Oosten	6269133	0
167222	Sinaï-woestijn	347930	0
167222	Egypte	357994	0
167222	Caïro	360630	0
32247	Nedersaksen	2862926	1
32247	Hannover	2910831	0
32247	Nedersaksen	2862926	0
32247	Nedersaksen	2862926	0
1197	Stockholm	2673730	0
229736	Amsterdam	2759794	0
11413	Nederland	2750405	0
146288	Moskou	524901	0
146288	Rusland	2017370	0
146288	Chicago	4887398	0
146288	Rusland	2017370	0
31512	Nieuweroord	2750257	0
87347	Rusland	2017370	1
87347	Moskou	524901	0
87347	Oekraïne	690791	0
87347	Rusland	2017370	0
87347	Oekraïne	690791	0
87347	Rusland	2017370	0
87347	Amerika	6252001	0
87347	Rusland	2017370	0
87347	Nederland	2750405	0
87347	Rusland	2017370	0
6669	Oostenrijk	2782113	0
67977	Nova Zembla	519406	0
67977	Moermansk	524305	0
141629	Australie	2077456	0
141629	Australie	2077456	0
141629	Australie	2077456	0
141629	Nieuw-Zeeland	2186224	0
141629	Australie	2077456	0
141629	Nieuw-Zeeland	2186224	0
141629	Perth	2063523	0
141629	Canberra	2172517	0
141629	Sydney	2147714	0
141629	Brisbane	2174003	0
141629	Wellington	2179537	0
141629	Christchurch	2192362	0
141629	Auckland	2193733	0
141629	Australie	2077456	0
141629	Australie	2077456	0
141629	Nieuw-Zeeland	2186224	0
141629	Australie	2077456	0
141629	Australie	2077456	0
141629	Nederland	2750405	0
141629	Australie	2077456	0
141629	Nieuw-Zeeland	2186224	0
35403	Middelharnis	2750884	0
96887	Texas	4736286	1
96887	Texas	4736286	0
96887	Odessa	5527554	0
80386	R'dam	2747890	1
80386	Rotterdam	2747890	0
80386	Rotterdam	2747890	0
208125	Oost-Europa	7729884	0
208125	Polen	798544	0
208125	Oost-Europa	7729884	0
208125	Nederland	2750405	0
208125	Peel en Maas	7535502	0
43546	Verenigde Staten	6252001	0
43546	Washington	4140963	0
43546	Chicago	4887398	0
43546	Vietnam	1562822	0
43546	Verenigde Staten	6252001	0
49488	Rotterdam	2747890	0
56512	Balkbrug	2759470	0
56512	Balkbrug	2759470	0
195087	Coronie	3384397	0
195087	Coronie	3384397	0
195087	Paramaribo	3383330	0
47765	Zijtaart	2743877	1
47765	Zijtaart	2743877	0
47765	Veghe	2745726	0
47765	Zijtaart	2743877	0
165753	Zwolle	2743477	1
165753	Zwolle	2743477	0
165753	Zwolle	2743477	0
52523	Los Angeles	5368361	0
52523	Californie	5332921	0
170893	Antarctica	6255152	1
170893	Antarctica	6255152	0
170893	Zuidpool	6942239	0
170893	Argentinië	3865483	0
170893	Spanje	2510769	0
170893	Antarctica	6255152	0
141277	Lelystad	2751738	0
140140	Californie	5332921	0
106776	Schiphol	6296680	0
106776	Amsterdam-West	11525048	0
106776	Schiphol	6296680	0
65871	LA	5368361	1
65871	Los Angeles	5368361	0
65871	Los Angeles	5368361	0
48822	Irak	99237	1
48822	Irak	99237	0
48822	Bagdad	98182	0
48822	Kirkuk	94787	0
48822	Kirkuk	94787	0
48822	Irak	99237	0
12491	Washington	4140963	0
228780	Epe	2756058	0
138005	Griekenland	390903	0
138005	Italie	3175395	0
138005	Zuid-Europa	9408658	0
138005	Nederland	2750405	0
138005	Nederland	2750405	0
138005	Griekenland	390903	0
138005	Italie	3175395	0
138005	Nederland	2750405	0
138005	Nederland	2750405	0
111846	Oostenrijk	2782113	0
111846	Zuwara	2208425	0
111846	Libie	2215636	0
112031	Veghel	2745726	1
112031	Veghel	2745726	0
80353	Australie	2077456	0
80353	Cape Flattery	8606531	0
80353	Australie	2077456	0
80353	Queensland	2152274	0
80353	Salomonseilanden	2103350	0
99454	Lech	2772798	0
99454	Lech	2772798	0
99454	Lech	2772798	0
243612	Parijs	2988507	0
243612	Nantes	2990969	0
243612	Parijs	2988507	0
243612	Parijs	2988507	0
243612	Nantes	2990969	0
243612	Parijs	2988507	0
243612	Nantes	2990969	0
243612	Nantes	2990969	0
243612	Parijs	2988507	0
243612	Nantes	2990969	0
88347	Israël	294640	1
88347	Israël	294640	0
88347	Westelijke Jordaanoever	285153	0
88347	Westoever	285153	0
88347	Gazastrook	281132	0
28385	Frankrijk	3017382	0
28385	Duitsland	2921044	0
28385	Finland	660013	0
47839	Europa	6255148	0
47839	Saudi-Arabie	102358	0
47839	Irak	99237	0
47839	Libanon	272103	0
47839	Algerije	2589581	0
47839	Europa	6255148	0
47839	Syrie	163843	0
47839	Syrie	163843	0
116065	Oekraïne	690791	1
116065	Oekraïne	690791	0
116065	Kiev	703448	0
116065	Oekraïne	690791	0
116065	Svatove	692118	0
116065	Loegansk	702657	0
116065	Oekraïne	690791	0
116065	Kiev	703448	0
139397	Nederland	2750405	0
139397	Nederland	2750405	0
139397	Brabant	2749990	0
139397	Brabant	2749990	0
139397	Flevoland	3319179	0
139397	Overijssel	2748838	0
139397	Utrecht	2745909	0
226168	Amsterdam	2759794	1
226168	Pijp	7648381	0
226168	Amstelveen	2759798	0
226168	De Pijp	7648381	0
226168	Amsterdam	2759794	0
226168	Amsterdam	2759794	0
226168	Haarlem	2755003	0
226168	De Pijp	7648381	0
226168	Amsterdam	2759793	0
226168	De Pijp	7648381	0
226168	De Pijp	7648381	0
50309	VS	6252001	1
50309	Salt Lake City	5780993	0
50309	Newtown	5280935	0
219195	Wit-Rusland	630336	1
219195	Berlijn	2950159	0
219195	Brussel	2800866	0
219195	Nederland	2750405	0
219195	Polen	798544	0
219195	Oekraïne	690791	0
219195	Baltische staten	12217934	0
42068	Universiteit Utrecht	10291123	0
42068	Nederland	2750405	0
42068	Californie	5332921	0
42068	Nederland	2750405	0
139200	Pittsburgh	5206379	0
22257	Libanon	272103	1
22257	Libanon	272103	0
22257	Kaslik	11205006	0
22257	Beiroet	276781	0
22257	Amsterdam	2759794	0
243348	Utrecht	2745912	0
243348	Utrecht	2745912	0
243348	Gelderland	2755634	0
243348	Overijssel	2748838	0
243348	Limburg	2751596	0
243348	Noord-Brabant	2749990	0
205493	Brabant	2749990	1
205493	Spanje	2510769	1
205493	Boxtel	2758460	0
205493	Spanje	2510769	0
205493	Spanje	2510769	0
205493	Boxtel	2758460	0
245415	Qatar	289688	1
245415	Qatar	289688	0
245415	Qatar	289688	0
245415	Nederland	2750405	0
245415	Qatar	289688	0
245415	Qatar	289688	0
30879	Nederland	2750405	0
30879	Nederland	2750405	0
207673	Brazilie	3469034	0
207673	Nederland	2750405	0
203293	Garrelsweer	2755725	0
203293	Loppersum	2751429	0
203293	Groningen	2755249	1
203293	Groningen	2755249	0
92614	Anbar	99592	0
92614	Ramadi	98717	0
92614	Anbar	99592	0
92614	Bagdad	98182	0
92614	Bagdad	98182	0
92614	Anbar	99592	0
92614	Ramadi	98717	0
238666	Den Haag	2747372	0
238666	Den Haag	2747372	0
238666	Den Haag	2747372	0
142627	Marrakech	2542997	1
142627	Marrakech	2542997	0
142627	Marokko	2542007	0
142627	Parijs	2988507	0
142627	Marrakech	2542997	0
142627	Verenigde Staten	6252001	0
142627	Marrakech	2542997	0
142627	VS	6252001	0
142627	China	1814991	0
142627	Amerika	6252001	0
225212	Verenigde Staten	6252001	0
225212	Europa	6255148	0
225212	China	1814991	0
21196	Hoofddorp	2753801	1
21196	Hoofddorp	2753801	0
218615	Syrie	163843	0
218615	Irak	99237	0
218615	Nederland	2750405	0
218615	Syrie	163843	0